Vendor Name,Invoice  Date,PO Num,Invoice Number,Invoice Total,Drop Ship Fee,Shipping Fee,OMX PO,OMX Total,Total    Difference,Discrepancy,Memo
Artisans Gallery,43035,692951-2,692951-2,196.65,25.65,0,692951,94,,Duplicate - NOT UPLOADED,ARTISANS GALLERY 122717 692951-2
Artisans Gallery,43035,692951-2,692951-2,196.65,25.65,0,692951,94,,Duplicate - NOT UPLOADED,ARTISANS GALLERY 10 30 17Invoice # 692951-2
Red Cabin Pottery,43005,691829-2,1317,104,0,0,691829,104,,Duplicate - NOT UPLOADED,RED CABIN 110117 1317
Wildwoods Manufacturing,43006,675758-2,961,800,0,0,675758,800,,Duplicate - NOT UPLOADED,WILDWOODS 110117 961
Blue Sky Clayworks,43115,NO PO-,8349,13,0,0,,,,NO PO ON INVOICE,BLUE SKY 011518 8394
HiEnd Accents,43116,7082-,231664,6748,0,0,,,,NO PO ON INVOICE,HIEND 011918 (309)
"American Cover Design 26, Inc.",43096,732422-1,110611,154,5,0,,,,NOT ON DROP SHIP REPORT,AMERICAN COVER 011518 (5)
"American Cover Design 26, Inc.",43103,7332869-2,110721,30,5,0,,,,NOT ON DROP SHIP REPORT,AMERICAN COVER 011518 (5)
Art Carpet,43099,73063-1,DEC2017BF,25,0,0,,,,NOT ON DROP SHIP REPORT,ART CARPET 011518 DEC2017BF
EFA,43076,705499-2,1851309,45,0,0,,,,NOT ON DROP SHIP REPORT,EFA 011918 (13)
EFA,43076,709200-2,1851310,22.5,0,0,,,,NOT ON DROP SHIP REPORT,EFA 011918 (13)
EFA,43076,722928-3,1851292,6.08,0,0,,,,NOT ON DROP SHIP REPORT,EFA 011918 (13)
EFA,43080,725501-2,1852281,60.3,0,0,,,,NOT ON DROP SHIP REPORT,EFA 011918 (13)
EFA,43080,725873-1,1852280,54,0,0,,,,NOT ON DROP SHIP REPORT,EFA 011918 (13)
EFA,43080,725919-2,1852279,7.88,0,0,,,,NOT ON DROP SHIP REPORT,EFA 011918 (13)
EFA,43080,726414-2,1852278,166.5,0,0,,,,NOT ON DROP SHIP REPORT,EFA 011918 (13)
EFA,43081,727246-1,1852467,108,0,0,,,,NOT ON DROP SHIP REPORT,EFA 011918 (13)
EFA,43082,727566-3,1852705,18,0,0,,,,NOT ON DROP SHIP REPORT,EFA 011918 (13)
EFA,43084,728882-1,1853060,38.7,0,0,,,,NOT ON DROP SHIP REPORT,EFA 011918 (13)
EFA,43088,729817-1,7853557,112.5,0,0,,,,NOT ON DROP SHIP REPORT,EFA 011918 (13)
EFA,43088,731227-2,1853547,108,0,0,,,,NOT ON DROP SHIP REPORT,EFA 011918 (13)
Elk Group International,43115,739919-5,1742197,109,0,0,,,,NOT ON DROP SHIP REPORT,ELK 011618 742197
Saverio Inc.,43115,740979-1,201810033,211,10,0,,,,NOT ON DROP SHIP REPORT,SAVERIO 011718 201810033
"All My Walls-Recherche,LLC",43111,739043-1,6024,126,0,0,739043,75,-51,PO MISMATCH,ALL MY WALLS 011718 6024
AROUND THE BEND,43116,734086-1,734086-1,144,9,0,734086,125,-10,PO MISMATCH,AROUND THE BEND 011718 734086
Crestview Collection,43118,739602-1,286230,27.95,0,0,739602,12.95,-15,PO MISMATCH,CRESTVIEW 011918 286230
"EXPO DECOR, LLC",43108,734447-1,78953,40,5,0,734447,31.5,-3.5,PO MISMATCH,EXPO 011518 (3)
"EXPO DECOR, LLC",43108,735397-1,78954,44,5,0,735397,35.1,-3.9,PO MISMATCH,EXPO 011518 (3)
"EXPO DECOR, LLC",43108,735433-2,78952,40,5,0,735433,31.5,-3.5,PO MISMATCH,EXPO 011518 (3)
HiEnd Accents,43054,710441-1,224143,278.5,5,0,710441,273.5,-8.29,PO MISMATCH,HIEND 111717
HiEnd Accents,43108,710441-1,230449,13.29,5,0,710441,273.5,-8.29,PO MISMATCH,HIEND 011918 (309)
HiEnd Accents,43068,718807-1,225703,55,5,0,718807,50,-45,PO MISMATCH,HIEND 121317
HiEnd Accents,43115,718807-1,231388,50,5,0,718807,50,-45,PO MISMATCH,HIEND 011918 (309)
HiEnd Accents,43112,727776-1,231228,61.14,5,0,727776,45,-11.14,PO MISMATCH,HIEND 011918 (309)
Mexican Country Imports,43117,740957-1,10882,102.29,30.34,0,740957,62,-9.95,PO MISMATCH,MEXICAN COUNTRY 011718 10882
"Michaelian Home, Inc.",43112,738972-4,53952,50,0,0,738972,40,-10,PO MISMATCH,MICHAELIAN HOME 011518 53952
SOLSTICE ARTS,43110,738529-1,80607,60,10,0,738529,45,-5,PO MISMATCH,SOLSTICE ARTS 011618 80607
SOLSTICE ARTS,43118,741859-1,80728,85,10,0,741859,75,-75,PO MISMATCH,SOLSTICE ARTS 011818 80728
SOLSTICE ARTS,43118,741859-1,80730,80,5,0,741859,75,-75,PO MISMATCH,SOLSTICE ARTS 011818 80730
West of the Wind Designs,43119,742231-2,94360,95,0,0,742231,90,-5,PO MISMATCH,WEST OF THE WIND 011918 94360
West of the Wind Designs,43119,742594-1,94361,95,0,0,742594,90,-5,PO MISMATCH,WEST OF THE WIND 011918 94361
WILD WINGS,43109,737966-1,339274,71.5,5,0,737966,38,-28.5,PO MISMATCH,WILD WINGS 011518 (12)
WOODED RIVER,43117,740625-2,122473,52.78,0,0,740625,50.05,-2.73,PO MISMATCH,WOODED RIVER 011718 122473
Acadian Candle Company,43119,736656-2,101657,8.25,0,0,736656,8.25,0,,ACADIAN 011918 101657
Acadian Candle Company,43119,738285-2,101657,16.5,0,0,738285,16.5,0,,ACADIAN 011918 101657
Acadian Candle Company,43119,738963-6,101657,13,4.5,0,738963,8.5,0,,ACADIAN 011918 101657
"All My Walls-Recherche,LLC",43104,735630-2,6019,75,0,0,735630,75,0,,ALL MY WALLS 011718 6019
"All My Walls-Recherche,LLC",43108,736967-1,6020,126,0,0,736967,126,0,,ALL MY WALLS 011718 6020
"All My Walls-Recherche,LLC",43108,737365-1,6021,126,0,0,737365,126,0,,ALL MY WALLS 011718 6021
"All My Walls-Recherche,LLC",43109,738216-3,6022,126,0,0,738216,126,0,,ALL MY WALLS 011718 6022
"All My Walls-Recherche,LLC",43111,738815-1,6023,75,0,0,738815,75,0,,ALL MY WALLS 011718 6023
"All My Walls-Recherche,LLC",43111,738971-1,6025,75,0,0,738971,252,177,,ALL MY WALLS 011718 6025
"All My Walls-Recherche,LLC",43115,740251-1,6026,75,0,0,740251,75,0,,ALL MY WALLS 011718 6026
"All My Walls-Recherche,LLC",43116,741129-1,6027,75,0,0,741129,75,0,,ALL MY WALLS 011718 6027
Always Azul Pottery,43110,720369-1,18206,248,8,0,720369,240,0,,ALWAYS AZUL 011518 18206
Always Azul Pottery,43110,721546-1,18206,124,4,0,721546,120,0,,ALWAYS AZUL 011518 18206
Always Azul Pottery,43110,722332-2,18206,124,4,0,722332,120,0,,ALWAYS AZUL 011518 18206
Always Azul Pottery,43110,722793-1,18206,124,4,0,722793,120,0,,ALWAYS AZUL 011518 18206
Always Azul Pottery,43110,722854-1,18206,62,2,0,722854,60,0,,ALWAYS AZUL 011518 18206
Always Azul Pottery,43110,723600-2,18206,124,4,0,723600,120,0,,ALWAYS AZUL 011518 18206
Always Azul Pottery,43110,727629-2,18206,248,8,0,727629,240,0,,ALWAYS AZUL 011518 18206
Always Azul Pottery,43115,728926-1,18216,62,2,0,728926,60,0,,ALWAYS AZUL 011618 18216
Always Azul Pottery,43110,729463-2,18206,22,2,0,729463,20,0,,ALWAYS AZUL 011518 18206
Always Azul Pottery,43115,729926-1,18216,62,2,0,729926,60,0,,ALWAYS AZUL 011618 18216
Always Azul Pottery,43115,730085-2,18216,310,10,0,730085,300,0,,ALWAYS AZUL 011618 18216
Always Azul Pottery,43110,730997-1,18206,62,2,0,730997,60,0,,ALWAYS AZUL 011518 18206
Always Azul Pottery,43115,732359-2,18216,117,2,0,732359,115,0,,ALWAYS AZUL 011618 18216
Always Azul Pottery,43110,732756-2,18206,57,2,0,732756,55,0,,ALWAYS AZUL 011518 18206
Always Azul Pottery,43115,734535-1,18216,29,2,0,734535,27,0,,ALWAYS AZUL 011618 18216
Always Azul Pottery,43115,735412-3,18216,57,2,0,735412,55,0,,ALWAYS AZUL 011618 18216
Always Azul Pottery,43115,735842-4,18216,127,2,0,735842,125,0,,ALWAYS AZUL 011618 18216
Always Azul Pottery,43115,737704-2,18216,29,2,0,737704,27,0,,ALWAYS AZUL 011618 18216
Always Azul Pottery,43115,738400-1,18216,31,2,0,738400,29,0,,ALWAYS AZUL 011618 18216
"American Cover Design 26, Inc.",43090,731782-1,110520,33,5,0,731782,28,0,,AMERICAN COVER 011518 (5)
"American Cover Design 26, Inc.",43096,732154-2,110611,57,5,0,732154,52,0,,AMERICAN COVER 011518 (5)
"American Cover Design 26, Inc.",43096,732270-1,110611,154,5,0,732270,149,0,,AMERICAN COVER 011518 (5)
"American Cover Design 26, Inc.",43096,732281-1,110611,17,5,0,732281,12,0,,AMERICAN COVER 011518 (5)
"American Cover Design 26, Inc.",43096,732555-1,110611,14.9,5,0,732555,9.9,0,,AMERICAN COVER 011518 (5)
"American Cover Design 26, Inc.",43096,733040-3,110611,54.9,5,0,733040,49.9,0,,AMERICAN COVER 011518 (5)
"American Cover Design 26, Inc.",43097,733324-2,110649,33,5,0,733324,28,0,,AMERICAN COVER 011518 (5)
"American Cover Design 26, Inc.",43097,733352-1,110649,14.9,5,0,733352,9.9,0,,AMERICAN COVER 011518 (5)
"American Cover Design 26, Inc.",43097,733680-1,110649,154,5,0,733680,149,0,,AMERICAN COVER 011518 (5)
"American Cover Design 26, Inc.",43103,733736-1,110721,14.9,5,0,733736,9.9,0,,AMERICAN COVER 011518 (5)
"American Cover Design 26, Inc.",43103,733794-2,110722,29,5,0,733794,88,64,,AMERICAN COVER 011518 (5)
"American Cover Design 26, Inc.",43103,733988-2,110721,14.9,5,0,733988,9.9,0,,AMERICAN COVER 011518 (5)
"American Cover Design 26, Inc.",43103,734142-1,110721,23,5,0,734142,18,0,,AMERICAN COVER 011518 (5)
"American Cover Design 26, Inc.",43103,734416-2,110721,37,5,0,734416,32,0,,AMERICAN COVER 011518 (5)
"American Cover Design 26, Inc.",43103,734703-3,110722,34,5,0,734703,29,0,,AMERICAN COVER 011518 (5)
"American Cover Design 26, Inc.",43103,734731-2,110722,154,5,0,734731,214.9,65.9,,AMERICAN COVER 011518 (5)
"American Cover Design 26, Inc.",43103,734732-1,110721,74,5,0,734732,69,0,,AMERICAN COVER 011518 (5)
"American Cover Design 26, Inc.",43103,735006-1,110721,12.5,5,0,735006,7.5,0,,AMERICAN COVER 011518 (5)
"American Cover Design 26, Inc.",43103,735037-1,110721,33,5,0,735037,28,0,,AMERICAN COVER 011518 (5)
"American Cover Design 26, Inc.",43103,735298-2,110721,54.9,5,0,735298,49.9,0,,AMERICAN COVER 011518 (5)
"American Cover Design 26, Inc.",43103,735480-3,110721,54.9,5,0,735480,49.9,0,,AMERICAN COVER 011518 (5)
"American Cover Design 26, Inc.",43103,735507-2,110721,19,5,0,735507,14,0,,AMERICAN COVER 011518 (5)
"American Natural Resources, Inc.",43118,721677-1,937,175,0,0,721677,175,0,,AMERICAN NATURAL RES 011918 937
"American Natural Resources, Inc.",43116,740633-1,936,175,0,0,740633,175,0,,AMERICAN NATURAL RES 011718 936
Art Carpet,43099,716865-1,DEC2017BF,25,0,0,716865,25,0,,ART CARPET 011518 DEC2017BF
Art Carpet,43099,717719-1,DEC2017BF,25,0,0,717719,25,0,,ART CARPET 011518 DEC2017BF
Art Carpet,43099,717949-2,DEC2017BF,50,0,0,717949,50,0,,ART CARPET 011518 DEC2017BF
Art Carpet,43099,718690-1,DEC2017BF,36,0,0,718690,36,0,,ART CARPET 011518 DEC2017BF
Art Carpet,43099,718862-2,DEC2017BF,25,0,0,718862,25,0,,ART CARPET 011518 DEC2017BF
Art Carpet,43099,719263-1,DEC2017BF,25,0,0,719263,25,0,,ART CARPET 011518 DEC2017BF
Art Carpet,43099,719417-1,DEC2017BF,25,0,0,719417,25,0,,ART CARPET 011518 DEC2017BF
Art Carpet,43099,719695-1,DEC2017BF,25,0,0,719695,25,0,,ART CARPET 011518 DEC2017BF
Art Carpet,43099,720021-1,DEC2017BF,25,0,0,720021,25,0,,ART CARPET 011518 DEC2017BF
Art Carpet,43099,720641-1,DEC2017BF,36,0,0,720641,36,0,,ART CARPET 011518 DEC2017BF
Art Carpet,43099,721198-1,DEC2017BF,25,0,0,721198,25,0,,ART CARPET 011518 DEC2017BF
Art Carpet,43099,721499-1,DEC2017BF,25,0,0,721499,25,0,,ART CARPET 011518 DEC2017BF
Art Carpet,43099,723084-1,DEC2017BF,171,135,0,723084,36,0,,ART CARPET 011518 DEC2017BF
Art Carpet,43099,723796-2,DEC2017BF,52,0,0,723796,52,0,,ART CARPET 011518 DEC2017BF
Art Carpet,43099,724182-2,DEC2017BF,36,0,0,724182,36,0,,ART CARPET 011518 DEC2017BF
Art Carpet,43099,724489-1,DEC2017BF,25,0,0,724489,25,0,,ART CARPET 011518 DEC2017BF
Art Carpet,43099,725259-1,DEC2017BF,25,0,0,725259,25,0,,ART CARPET 011518 DEC2017BF
Art Carpet,43099,726750-1,DEC2017BF,25,0,0,726750,25,0,,ART CARPET 011518 DEC2017BF
Art Carpet,43099,727070-1,DEC2017BF,36,0,0,727070,36,0,,ART CARPET 011518 DEC2017BF
Art Carpet,43099,727659-1,DEC2017BF,33,0,0,727659,33,0,,ART CARPET 011518 DEC2017BF
Art Carpet,43099,728794-1,DEC2017BF,25,0,0,728794,25,0,,ART CARPET 011518 DEC2017BF
Art Carpet,43099,730064-1,DEC2017BF,36,0,0,730064,36,0,,ART CARPET 011518 DEC2017BF
Art Carpet,43099,730602-2,DEC2017BF,36,0,0,730602,36,0,,ART CARPET 011518 DEC2017BF
Art Carpet,43099,733097-1,DEC2017BF,25,0,0,733097,25,0,,ART CARPET 011518 DEC2017BF
Art Carpet,43099,733212-1,DEC2017BF,50,0,0,733212,50,0,,ART CARPET 011518 DEC2017BF
Art Carpet,43099,733857-1,DEC2017BF,25,0,0,733857,25,0,,ART CARPET 011518 DEC2017BF
Artisans Gallery,43118,736634-2,736634-2,344,24,0,736634,320,0,,ARTISANS GALLERY 011918 736634-2
Artisans Gallery,43118,738361-2,738361-2,135,12,0,738361,123,0,,ARTISANS GALLERY 011918 738361-2
Artisans Gallery,43118,739674-1,739674-1,172.65,12,0,739674,162,1.35,,ARTISANS GALLERY 011918 739674-1
Artisans Gallery,43118,741134-2,741134-2,57.55,4,0,741134,54,0.45,,ARTISANS GALLERY 011918 741134-2
Artisans Gallery,43118,741264-1,741264-1,57.55,4,0,741264,54,0.45,,ARTISANS GALLERY 011918 741264-1
Bacova Guild,43112,731752-2,4592407,14.2,0,0,731752,12.5,-1.7,,BACOVA 011518 (5)
Bacova Guild,43112,738954-2,4592408,12.5,0,0,738954,11,-1.5,,BACOVA 011518 (5)
Bacova Guild,43112,739067-1,4592409,14.2,0,0,739067,12.5,-1.7,,BACOVA 011518 (5)
Bacova Guild,43112,739171-2,4592410,14.2,0,0,739171,12.5,-1.7,,BACOVA 011518 (5)
Bacova Guild,43112,739262-1,4592411,14.2,0,0,739262,12.5,-1.7,,BACOVA 011518 (5)
Bacova Guild,43118,739461-2,4594652,7.2,0,0,739461,6.34,-0.86,,BACOVA 011918 (17)
Bacova Guild,43118,739684-1,4594653,8.25,0,0,739684,7.26,-0.99,,BACOVA 011918 (17)
Bacova Guild,43118,739812-1,4594654,14.2,0,0,739812,12.5,-1.7,,BACOVA 011918 (17)
Bacova Guild,43118,739839-1,4594655,14.2,0,0,739839,12.5,-1.7,,BACOVA 011918 (17)
Bacova Guild,43118,739996-1,4594656,7.75,0,0,739996,6.82,-0.93,,BACOVA 011918 (17)
Bacova Guild,43118,740167-1,4594657,7.8,0,0,740167,6.86,-0.94,,BACOVA 011918 (17)
Bacova Guild,43118,740188-1,4594658,8.25,0,0,740188,7.26,-0.99,,BACOVA 011918 (17)
Bacova Guild,43118,740395-2,4594659,8.25,0,0,740395,7.26,-0.99,,BACOVA 011918 (17)
Bacova Guild,43118,740538-2,4594660,9.35,0,0,740538,8.23,-1.12,,BACOVA 011918 (17)
Bacova Guild,43118,740804-2,4594661,8.25,0,0,740804,7.26,-0.99,,BACOVA 011918 (17)
Bacova Guild,43118,740814-2,4594662,14.2,0,0,740814,12.5,-1.7,,BACOVA 011918 (17)
Bacova Guild,43118,741385-2,4594663,15.5,0,0,741385,13.64,-1.86,,BACOVA 011918 (17)
Bacova Guild,43118,741395-3,4594664,12.5,0,0,741395,11,-1.5,,BACOVA 011918 (17)
Bacova Guild,43118,741478-2,4594665,12.5,0,0,741478,11,-1.5,,BACOVA 011918 (17)
Bacova Guild,43118,741518-1,4594666,23,0,0,741518,20.24,-2.76,,BACOVA 011918 (17)
Bacova Guild,43118,741604-1,4594667,8.25,0,0,741604,7.26,-0.99,,BACOVA 011918 (17)
Bacova Guild,43118,741613-3,4594668,7.2,0,0,741613,6.34,-0.86,,BACOVA 011918 (17)
Certified International Corporation,43112,739616-2,739616-2,25,0,0,739616,45,20,,CERTIFIED INTL 011518 739616-2
Certified International Corporation,43117,741586-1,741586-1,45,0,0,741586,45,0,,CERTIFIED INTL 011818 741586-1
Colorado Carpets,43115,721048-3,1801-2,75.5,0,0,721048,129,53.5,,COLROADO CARPETS 011518 BFD1801-2
Colorado Carpets,43107,729294-2,1801-1,593,0,0,729294,882,289,,COLORADO CARPETS 010818 BFD1801-1
Colorado Carpets,43107,731955-1,1801-1,289,0,0,731955,289,0,,COLORADO CARPETS 010818 BFD1801-1
Colorado Carpets,43107,732490-1,1801-1,578,0,0,732490,578,0,,COLORADO CARPETS 010818 BFD1801-1
Colorado Carpets,43115,732555-2,1801-2,75.5,0,0,732555,75.5,0,,COLROADO CARPETS 011518 BFD1801-2
Colorado Carpets,43107,732701-1,1801-1,53.5,0,0,732701,53.5,0,,COLORADO CARPETS 010818 BFD1801-1
Colorado Carpets,43115,733204-2,1801-2,79.5,0,0,733204,79.5,0,,COLROADO CARPETS 011518 BFD1801-2
Colorado Carpets,43107,733290-1,1801-1,53.5,0,0,733290,53.5,0,,COLORADO CARPETS 010818 BFD1801-1
Colorado Carpets,43115,733309-1,1801-2,53.5,0,0,733309,53.5,0,,COLROADO CARPETS 011518 BFD1801-2
Colorado Carpets,43115,733329-1,1801-2,75.5,0,0,733329,75.5,0,,COLROADO CARPETS 011518 BFD1801-2
Colorado Carpets,43115,733465-1,1801-2,149,0,0,733465,149,0,,COLROADO CARPETS 011518 BFD1801-2
Colorado Carpets,43115,733631-1,1801-2,149,0,0,733631,149,0,,COLROADO CARPETS 011518 BFD1801-2
Colorado Carpets,43115,733638-4,1801-2,65,0,0,733638,65,0,,COLROADO CARPETS 011518 BFD1801-2
Colorado Carpets,43107,734003-1,1801-1,149,0,0,734003,149,0,,COLORADO CARPETS 010818 BFD1801-1
Colorado Carpets,43115,734034-1,1801-2,289,0,0,734034,289,0,,COLROADO CARPETS 011518 BFD1801-2
Colorado Carpets,43115,734119-1,1801-2,79.5,0,0,734119,79.5,0,,COLROADO CARPETS 011518 BFD1801-2
Colorado Carpets,43115,734186-1,1801-2,53.5,0,0,734186,53.5,0,,COLROADO CARPETS 011518 BFD1801-2
Colorado Carpets,43115,734454-2,1801-2,75.5,0,0,734454,75.5,0,,COLROADO CARPETS 011518 BFD1801-2
Colorado Carpets,43115,734481-1,1801-2,277,0,0,734481,277,0,,COLROADO CARPETS 011518 BFD1801-2
Colorado Carpets,43115,734536-1,1801-2,418,0,0,734536,418,0,,COLROADO CARPETS 011518 BFD1801-2
Colorado Carpets,43115,734703-2,1801-2,475.5,0,0,734703,960.5,485,,COLROADO CARPETS 011518 BFD1801-2
Colorado Carpets,43115,734715-1,1801-2,65,0,0,734715,65,0,,COLROADO CARPETS 011518 BFD1801-2
Colorado Carpets,43115,734719-2,1801-2,133,0,0,734719,133,0,,COLROADO CARPETS 011518 BFD1801-2
Colorado Carpets,43115,734757-1,1801-2,202.5,0,0,734757,202.5,0,,COLROADO CARPETS 011518 BFD1801-2
Colorado Carpets,43107,735128-1,1801-1,53.5,0,0,735128,53.5,0,,COLORADO CARPETS 010818 BFD1801-1
Colorado Carpets,43115,735189-1,1801-2,379,0,0,735189,379,0,,COLROADO CARPETS 011518 BFD1801-2
Colorado Carpets,43115,735245-1,1801-2,48.5,0,0,735245,48.5,0,,COLROADO CARPETS 011518 BFD1801-2
Colorado Carpets,43115,735448-1,1801-2,48.5,0,0,735448,48.5,0,,COLROADO CARPETS 011518 BFD1801-2
Colorado Carpets,43115,735500-1,1801-2,75.5,0,0,735500,75.5,0,,COLROADO CARPETS 011518 BFD1801-2
Colorado Carpets,43115,735578-1,1801-2,289,0,0,735578,289,0,,COLROADO CARPETS 011518 BFD1801-2
Colorado Carpets,43115,735833-1,1801-2,149,0,0,735833,149,0,,COLROADO CARPETS 011518 BFD1801-2
Colorado Carpets,43115,735882-1,1801-2,578,0,0,735882,578,0,,COLROADO CARPETS 011518 BFD1801-2
Colorado Carpets,43115,736023-1,1801-2,149,0,0,736023,149,0,,COLROADO CARPETS 011518 BFD1801-2
Colorado Carpets,43115,736108-2,1801-2,48.5,0,0,736108,48.5,0,,COLROADO CARPETS 011518 BFD1801-2
Colorado Carpets,43115,736201-1,1801-2,438,0,0,736201,438,0,,COLROADO CARPETS 011518 BFD1801-2
Colorado Carpets,43115,736521-2,1801-2,53.5,0,0,736521,53.5,0,,COLROADO CARPETS 011518 BFD1801-2
Colorado Carpets,43115,736615-1,1801-2,75.5,0,0,736615,75.5,0,,COLROADO CARPETS 011518 BFD1801-2
Colorado Carpets,43115,736624-1,1801-2,289,0,0,736624,289,0,,COLROADO CARPETS 011518 BFD1801-2
Colorado Carpets,43115,736788-3,1801-2,149,0,0,736788,149,0,,COLROADO CARPETS 011518 BFD1801-2
Colorado Carpets,43115,737045-1,1801-2,199,0,0,737045,199,0,,COLROADO CARPETS 011518 BFD1801-2
Colorado Carpets,43115,737274-1,1801-2,100,0,0,737274,100,0,,COLROADO CARPETS 011518 BFD1801-2
Colorado Carpets,43115,737355-1,1801-2,79.5,0,0,737355,79.5,0,,COLROADO CARPETS 011518 BFD1801-2
Colorado Carpets,43115,737483-2,1801-2,149,0,0,737483,149,0,,COLROADO CARPETS 011518 BFD1801-2
Colorado Carpets,43115,737801-1,1801-2,75.5,0,0,737801,75.5,0,,COLROADO CARPETS 011518 BFD1801-2
Colorado Carpets,43115,737855-1,1801-2,79.5,0,0,737855,79.5,0,,COLROADO CARPETS 011518 BFD1801-2
Colorado Carpets,43115,737984-1,1801-2,155,0,0,737984,155,0,,COLROADO CARPETS 011518 BFD1801-2
Colorado Carpets,43115,738010-1,1801-2,53.5,0,0,738010,53.5,0,,COLROADO CARPETS 011518 BFD1801-2
Colorado Carpets,43115,738048-1,1801-2,149,0,0,738048,149,0,,COLROADO CARPETS 011518 BFD1801-2
Colorado Carpets,43115,739189-1,1801-2,149,0,0,739189,149,0,,COLROADO CARPETS 011518 BFD1801-2
Colorado Carpets,43115,739295-1,1801-2,149,0,0,739295,149,0,,COLROADO CARPETS 011518 BFD1801-2
Crestview Collection,43115,713262-3,285826,124.95,0,0,713262,249.9,124.95,,CRESTVIEW 011618 285826-27(2)
Crestview Collection,43106,729663-2,284345,94.95,0,0,729663,104.95,10,,CRESTVIEW 010818 3.3.(3)
Crestview Collection,43106,730712-3,284339,84.95,0,0,730712,339.8,254.85,,CRESTVIEW 010818 1.3.(2)
Crestview Collection,43106,730820-1,284344,114.95,0,0,730820,124.95,10,,CRESTVIEW 010818 3.3.(3)
Crestview Collection,43115,733314-1,285800,189.9,0,0,733314,209.9,20,,CRESTVIEW 011618 285800-801(2)
Crestview Collection,43106,734077-1,284340,64.95,0,0,734077,64.95,0,,CRESTVIEW 010818 1.3.(2)
Crestview Collection,43106,734216-1,284343,64.95,0,0,734216,64.95,0,,CRESTVIEW 010818 3.3.(3)
Crestview Collection,43106,734826-1,284341,64.95,0,0,734826,64.95,0,,CRESTVIEW 010818 2.3.(2)
Crestview Collection,43106,735145-1,284342,44.95,0,0,735145,44.95,0,,CRESTVIEW 010818 2.3.(2)
Crestview Collection,43115,737867-1,285828,114.5,0,0,737867,114.5,0,,CRESTVIEW 011618 285828
Crestview Collection,43115,737870-1,285827,54.95,0,0,737870,54.95,0,,CRESTVIEW 011618 285826-27(2)
Crestview Collection,43115,738365-1,285801,154.95,0,0,738365,154.95,0,,CRESTVIEW 011618 285800-801(2)
Designers Fountain,43104,734185-2,92916753,71.75,5,0,734185,66.75,0,,DESIGNERS FTN 011518 92916753
EVERGREEN ENTERPRISES,43116,730400-1,6409363,30,5,0,730400,25,0,,EVERGREEN 011818 6409363
EVERGREEN ENTERPRISES,43111,737503-2,6401501,22.5,5,0,737503,17.5,0,,EVERGREEN 011218 6401501
Fireside Lodge,43112,730334-1,69596,60,0,0,730334,58.8,-1.2,,FIRESIDE 011518 69596
HiEnd Accents,43109,692441-2,230817,105,5,0,692441,596,496,,HIEND 011918 (309)
HiEnd Accents,43109,696785-2,230812,100,5,0,696785,280,185,,HIEND 011918 (309)
HiEnd Accents,43109,701677-2,230813,50,5,0,701677,363,318,,HIEND 011918 (309)
HiEnd Accents,43109,704241-2,230818,55,5,0,704241,689,639,,HIEND 011918 (309)
HiEnd Accents,43109,706070-1,230819,20,5,0,706070,215,200,,HIEND 011918 (309)
HiEnd Accents,43109,706246-3,230814,50,5,0,706246,313,268,,HIEND 011918 (309)
HiEnd Accents,43109,712724-1,230816,55,5,0,712724,50,0,,HIEND 011918 (309)
HiEnd Accents,43109,715361-4,230826,295,5,0,715361,290,0,,HIEND 011918 (309)
HiEnd Accents,43104,717767-2,230246,95,5,0,717767,164,74,,HIEND 011918 (309)
HiEnd Accents,43109,718052-1,230815,80,5,0,718052,270,195,,HIEND 011918 (309)
HiEnd Accents,43116,719278-5,231648,79,5,0,719278,148,74,,HIEND 011918 (309)
HiEnd Accents,43109,722933-1,230820,30,5,0,722933,25,0,,HIEND 011918 (309)
HiEnd Accents,43109,724609-1,230823,230,5,0,724609,225,0,,HIEND 011918 (309)
HiEnd Accents,43104,725922-2,230247,361.5,5,0,725922,659,302.5,,HIEND 011918 (309)
HiEnd Accents,43104,728269-2,230245,267.5,5,0,728269,322.5,60,,HIEND 011918 (309)
HiEnd Accents,43110,728285-1,230948,270,5,0,728285,288,23,,HIEND 011918 (309)
HiEnd Accents,43104,728488-2,230244,50,5,0,728488,114,69,,HIEND 011918 (309)
HiEnd Accents,43111,728957-3,231051,165,5,0,728957,160,0,,HIEND 011918 (309)
HiEnd Accents,43103,729927-4,230063,30,5,0,729927,67.5,42.5,,HIEND 011918 (309)
HiEnd Accents,43105,732214-3,230328,45,5,0,732214,80,40,,HIEND 011918 (309)
HiEnd Accents,43116,732619-2,231658,209,5,0,732619,224,20,,HIEND 011918 (309)
HiEnd Accents,43103,733450-2,230090,23,5,0,733450,36,18,,HIEND 011918 (309)
HiEnd Accents,43103,734035-1,230066,40,5,0,734035,35,0,,HIEND 011918 (309)
HiEnd Accents,43103,734074-1,230067,140,5,0,734074,135,0,,HIEND 011918 (309)
HiEnd Accents,43103,734088-2,230070,35,5,0,734088,30,0,,HIEND 011918 (309)
HiEnd Accents,43103,734146-1,230055,125,5,0,734146,120,0,,HIEND 011918 (309)
HiEnd Accents,43103,734171-1,230068,185,5,0,734171,180,0,,HIEND 011918 (309)
HiEnd Accents,43103,734183-2,230069,50,5,0,734183,45,0,,HIEND 011918 (309)
HiEnd Accents,43103,734191-1,230059,160,5,0,734191,155,0,,HIEND 011918 (309)
HiEnd Accents,43103,734204-1,230058,30,5,0,734204,25,0,,HIEND 011918 (309)
HiEnd Accents,43103,734215-2,230060,22.5,5,0,734215,17.5,0,,HIEND 011918 (309)
HiEnd Accents,43103,734249-1,230072,305,5,0,734249,300,0,,HIEND 011918 (309)
HiEnd Accents,43103,734267-2,230065,16,5,0,734267,11,0,,HIEND 011918 (309)
HiEnd Accents,43103,734297-1,230045,95,5,0,734297,90,0,,HIEND 011918 (309)
HiEnd Accents,43103,734320-1,230046,115,5,0,734320,110,0,,HIEND 011918 (309)
HiEnd Accents,43103,734330-1,230094,20,5,0,734330,25,10,,HIEND 011918 (309)
HiEnd Accents,43103,734353-1,230098,50,5,0,734353,45,0,,HIEND 011918 (309)
HiEnd Accents,43103,734384-1,230096,170,5,0,734384,165,0,,HIEND 011918 (309)
HiEnd Accents,43103,734393-2,230095,30,5,0,734393,25,0,,HIEND 011918 (309)
HiEnd Accents,43103,734410-2,230079,47,5,0,734410,42,0,,HIEND 011918 (309)
HiEnd Accents,43103,734422-1,230097,95,5,0,734422,90,0,,HIEND 011918 (309)
HiEnd Accents,43103,734429-1,230093,170,5,0,734429,165,0,,HIEND 011918 (309)
HiEnd Accents,43103,734474-1,230092,200,5,0,734474,195,0,,HIEND 011918 (309)
HiEnd Accents,43103,734485-1,230061,125,5,0,734485,120,0,,HIEND 011918 (309)
HiEnd Accents,43103,734494-1,230054,165,5,0,734494,160,0,,HIEND 011918 (309)
HiEnd Accents,43103,734508-1,230048,155,5,0,734508,150,0,,HIEND 011918 (309)
HiEnd Accents,43103,734510-1,230050,155,5,0,734510,150,0,,HIEND 011918 (309)
HiEnd Accents,43103,734542-1,230027,95,5,0,734542,90,0,,HIEND 011918 (309)
HiEnd Accents,43103,734555-1,230056,179,5,0,734555,174,0,,HIEND 011918 (309)
HiEnd Accents,43103,734622-1,230031,190,5,0,734622,185,0,,HIEND 011918 (309)
HiEnd Accents,43103,734626-1,230057,224,5,0,734626,219,0,,HIEND 011918 (309)
HiEnd Accents,43103,734639-1,230032,170,5,0,734639,165,0,,HIEND 011918 (309)
HiEnd Accents,43103,734724-1,230047,224,5,0,734724,219,0,,HIEND 011918 (309)
HiEnd Accents,43103,734731-1,230026,140,5,0,734731,135,0,,HIEND 011918 (309)
HiEnd Accents,43103,734761-1,230028,170,5,0,734761,165,0,,HIEND 011918 (309)
HiEnd Accents,43103,734765-2,230033,39,5,0,734765,34,0,,HIEND 011918 (309)
HiEnd Accents,43103,734797-1,230023,65,5,0,734797,60,0,,HIEND 011918 (309)
HiEnd Accents,43103,734803-1,230035,125,5,0,734803,120,0,,HIEND 011918 (309)
HiEnd Accents,43103,734821-1,230062,145,5,0,734821,140,0,,HIEND 011918 (309)
HiEnd Accents,43103,734860-1,230040,93.5,5,0,734860,88.5,0,,HIEND 011918 (309)
HiEnd Accents,43103,734902-2,230073,30,5,0,734902,25,0,,HIEND 011918 (309)
HiEnd Accents,43103,734920-2,230071,30,5,0,734920,25,0,,HIEND 011918 (309)
HiEnd Accents,43103,734960-1,230043,328,5,0,734960,323,0,,HIEND 011918 (309)
HiEnd Accents,43103,734989-1,230037,26,5,0,734989,21,0,,HIEND 011918 (309)
HiEnd Accents,43103,735008-1,230034,22.5,5,0,735008,17.5,0,,HIEND 011918 (309)
HiEnd Accents,43103,735107-1,230030,80,5,0,735107,75,0,,HIEND 011918 (309)
HiEnd Accents,43103,735115-1,230042,135,5,0,735115,130,0,,HIEND 011918 (309)
HiEnd Accents,43103,735120-2,230044,140,5,0,735120,135,0,,HIEND 011918 (309)
HiEnd Accents,43103,735137-1,230038,26,5,0,735137,21,0,,HIEND 011918 (309)
HiEnd Accents,43103,735146-2,230085,79,5,0,735146,74,0,,HIEND 011918 (309)
HiEnd Accents,43103,735153-1,230022,26,5,0,735153,21,0,,HIEND 011918 (309)
HiEnd Accents,43103,735161-2,230076,185,5,0,735161,180,0,,HIEND 011918 (309)
HiEnd Accents,43103,735162-1,230025,185,5,0,735162,180,0,,HIEND 011918 (309)
HiEnd Accents,43103,735169-1,230021,170,5,0,735169,165,0,,HIEND 011918 (309)
HiEnd Accents,43103,735176-1,230024,55,5,0,735176,50,0,,HIEND 011918 (309)
HiEnd Accents,43103,735184-3,230078,85,5,0,735184,80,0,,HIEND 011918 (309)
HiEnd Accents,43103,735191-1,230052,166,5,0,735191,161,0,,HIEND 011918 (309)
HiEnd Accents,43103,735199-1,230036,185,5,0,735199,180,0,,HIEND 011918 (309)
HiEnd Accents,43103,735209-1,230081,30,5,0,735209,25,0,,HIEND 011918 (309)
HiEnd Accents,43103,735216-3,230039,84.5,5,0,735216,79.5,0,,HIEND 011918 (309)
HiEnd Accents,43103,735221-1,230029,185,5,0,735221,180,0,,HIEND 011918 (309)
HiEnd Accents,43103,735242-2,230075,25,5,0,735242,20,0,,HIEND 011918 (309)
HiEnd Accents,43103,735274-1,230077,260,5,0,735274,255,0,,HIEND 011918 (309)
HiEnd Accents,43103,735315-2,230082,20,5,0,735315,15,0,,HIEND 011918 (309)
HiEnd Accents,43103,735323-1,230088,95,5,0,735323,90,0,,HIEND 011918 (309)
HiEnd Accents,43109,735350-1,230822,270,5,0,735350,265,0,,HIEND 011918 (309)
HiEnd Accents,43103,735357-1,230074,155,5,0,735357,150,0,,HIEND 011918 (309)
HiEnd Accents,43103,735404-1,230089,20,5,0,735404,15,0,,HIEND 011918 (309)
HiEnd Accents,43103,735479-1,230083,164.5,5,0,735479,159.5,0,,HIEND 011918 (309)
HiEnd Accents,43103,735509-1,230086,95,5,0,735509,90,0,,HIEND 011918 (309)
HiEnd Accents,43104,735528-1,230233,34.5,5,0,735528,29.5,0,,HIEND 011918 (309)
HiEnd Accents,43103,735536-2,230087,60,5,0,735536,55,0,,HIEND 011918 (309)
HiEnd Accents,43103,735609-1,230084,185,5,0,735609,180,0,,HIEND 011918 (309)
HiEnd Accents,43103,735636-1,230080,134,5,0,735636,129,0,,HIEND 011918 (309)
HiEnd Accents,43105,735653-2,230315,200,5,0,735653,195,0,,HIEND 011918 (309)
HiEnd Accents,43104,735687-1,230230,22.5,5,0,735687,17.5,0,,HIEND 011918 (309)
HiEnd Accents,43104,735710-2,230229,185,5,0,735710,180,0,,HIEND 011918 (309)
HiEnd Accents,43104,735716-1,230231,22.5,5,0,735716,17.5,0,,HIEND 011918 (309)
HiEnd Accents,43104,735782-1,230228,160,5,0,735782,155,0,,HIEND 011918 (309)
HiEnd Accents,43104,735835-1,230234,365,5,0,735835,360,0,,HIEND 011918 (309)
HiEnd Accents,43105,735837-1,230330,115,5,0,735837,110,0,,HIEND 011918 (309)
HiEnd Accents,43104,735906-1,230225,185,5,0,735906,180,0,,HIEND 011918 (309)
HiEnd Accents,43104,735913-1,230227,172.5,5,0,735913,167.5,0,,HIEND 011918 (309)
HiEnd Accents,43105,735924-1,230326,25,5,0,735924,20,0,,HIEND 011918 (309)
HiEnd Accents,43104,735930-1,230223,185,5,0,735930,180,0,,HIEND 011918 (309)
HiEnd Accents,43104,735943-1,230232,190,5,0,735943,185,0,,HIEND 011918 (309)
HiEnd Accents,43104,736063-1,230226,95,5,0,736063,90,0,,HIEND 011918 (309)
HiEnd Accents,43104,736068-2,230210,22.5,5,0,736068,17.5,0,,HIEND 011918 (309)
HiEnd Accents,43104,736095-2,230224,314.5,5,0,736095,309.5,0,,HIEND 011918 (309)
HiEnd Accents,43104,736096-2,230211,125,5,0,736096,120,0,,HIEND 011918 (309)
HiEnd Accents,43105,736098-2,230308,75.5,5,0,736098,70.5,0,,HIEND 011918 (309)
HiEnd Accents,43105,736112-1,230321,190,5,0,736112,185,0,,HIEND 011918 (309)
HiEnd Accents,43105,736139-1,230316,71,5,0,736139,66,0,,HIEND 011918 (309)
HiEnd Accents,43105,736204-1,230324,115,5,0,736204,110,0,,HIEND 011918 (309)
HiEnd Accents,43105,736212-1,230307,252.5,5,0,736212,247.5,0,,HIEND 011918 (309)
HiEnd Accents,43105,736261-1,230327,5,5,0,736261,65,65,,HIEND 011918 (309)
HiEnd Accents,43105,736269-2,230331,55,5,0,736269,50,0,,HIEND 011918 (309)
HiEnd Accents,43105,736271-1,230312,185,5,0,736271,180,0,,HIEND 011918 (309)
HiEnd Accents,43105,736286-1,230317,26,5,0,736286,21,0,,HIEND 011918 (309)
HiEnd Accents,43105,736313-1,230313,160,5,0,736313,155,0,,HIEND 011918 (309)
HiEnd Accents,43105,736317-3,230318,95,5,0,736317,90,0,,HIEND 011918 (309)
HiEnd Accents,43105,736360-2,230319,26,5,0,736360,21,0,,HIEND 011918 (309)
HiEnd Accents,43105,736385-2,230311,645,5,0,736385,640,0,,HIEND 011918 (309)
HiEnd Accents,43105,736393-1,230310,234,5,0,736393,229,0,,HIEND 011918 (309)
HiEnd Accents,43105,736400-1,230322,155,5,0,736400,150,0,,HIEND 011918 (309)
HiEnd Accents,43105,736423-2,230314,125,5,0,736423,230,0,,HIEND 011918 (309)
HiEnd Accents,43117,736423-4,231694,115,5,0,736423,230,0,,HIEND 011918 (309)
HiEnd Accents,43105,736438-2,230329,125,5,0,736438,120,0,,HIEND 011918 (309)
HiEnd Accents,43105,736463-1,230325,40,5,0,736463,35,0,,HIEND 011918 (309)
HiEnd Accents,43108,736486-1,230487,55,5,0,736486,50,0,,HIEND 011918 (309)
HiEnd Accents,43108,736489-2,230486,70,5,0,736489,65,0,,HIEND 011918 (309)
HiEnd Accents,43105,736512-2,230309,200,5,0,736512,195,0,,HIEND 011918 (309)
HiEnd Accents,43105,736514-5,230323,50,5,0,736514,45,0,,HIEND 011918 (309)
HiEnd Accents,43108,736552-1,230472,50,5,0,736552,45,0,,HIEND 011918 (309)
HiEnd Accents,43109,736606-2,230810,50,5,0,736606,45,0,,HIEND 011918 (309)
HiEnd Accents,43105,736658-2,230320,50,5,0,736658,45,0,,HIEND 011918 (309)
HiEnd Accents,43108,736735-1,230480,182.5,5,0,736735,177.5,0,,HIEND 011918 (309)
HiEnd Accents,43108,736737-1,230467,85,5,0,736737,80,0,,HIEND 011918 (309)
HiEnd Accents,43108,736755-1,230476,190,5,0,736755,185,0,,HIEND 011918 (309)
HiEnd Accents,43108,736827-1,230471,95,5,0,736827,90,0,,HIEND 011918 (309)
HiEnd Accents,43108,736836-2,230462,25,5,0,736836,20,0,,HIEND 011918 (309)
HiEnd Accents,43108,736881-3,230468,27,5,0,736881,22,0,,HIEND 011918 (309)
HiEnd Accents,43108,736890-1,230463,51,5,0,736890,46,0,,HIEND 011918 (309)
HiEnd Accents,43108,736915-2,230460,100,5,0,736915,95,0,,HIEND 011918 (309)
HiEnd Accents,43108,736936-1,230482,95,5,0,736936,90,0,,HIEND 011918 (309)
HiEnd Accents,43108,736989-1,230485,85,5,0,736989,80,0,,HIEND 011918 (309)
HiEnd Accents,43108,737038-1,230455,125,5,0,737038,120,0,,HIEND 011918 (309)
HiEnd Accents,43112,737057-2,231266,28,5,0,737057,23,0,,HIEND 011918 (309)
HiEnd Accents,43108,737058-1,230457,35,5,0,737058,30,0,,HIEND 011918 (309)
HiEnd Accents,43110,737096-1,230942,167,5,0,737096,162,0,,HIEND 011918 (309)
HiEnd Accents,43108,737145-1,230456,180,5,0,737145,175,0,,HIEND 011918 (309)
HiEnd Accents,43112,737153-1,231242,140,5,0,737153,135,0,,HIEND 011918 (309)
HiEnd Accents,43108,737156-1,230465,47,5,0,737156,42,0,,HIEND 011918 (309)
HiEnd Accents,43108,737224-1,230461,27,5,0,737224,47,0,,HIEND 011918 (309)
HiEnd Accents,43109,737224-4,230811,30,5,0,737224,47,0,,HIEND 011918 (309)
HiEnd Accents,43108,737278-2,230470,115,5,0,737278,110,0,,HIEND 011918 (309)
HiEnd Accents,43117,737390-3,231683,225,5,0,737390,220,0,,HIEND 011918 (309)
HiEnd Accents,43108,737436-1,230464,105,5,0,737436,100,0,,HIEND 011918 (309)
HiEnd Accents,43108,737440-1,230458,170,5,0,737440,165,0,,HIEND 011918 (309)
HiEnd Accents,43108,737449-2,230488,34,5,0,737449,29,0,,HIEND 011918 (309)
HiEnd Accents,43108,737450-1,230469,125,5,0,737450,120,0,,HIEND 011918 (309)
HiEnd Accents,43108,737463-1,230473,115,5,0,737463,110,0,,HIEND 011918 (309)
HiEnd Accents,43108,737480-1,230475,45,5,0,737480,40,0,,HIEND 011918 (309)
HiEnd Accents,43108,737526-1,230466,140,5,0,737526,135,0,,HIEND 011918 (309)
HiEnd Accents,43108,737562-2,230477,26,5,0,737562,21,0,,HIEND 011918 (309)
HiEnd Accents,43108,737614-1,230452,115,5,0,737614,110,0,,HIEND 011918 (309)
HiEnd Accents,43109,737626-2,230825,545,5,0,737626,540,0,,HIEND 011918 (309)
HiEnd Accents,43108,737642-1,230478,47,5,0,737642,42,0,,HIEND 011918 (309)
HiEnd Accents,43108,737652-3,230451,25,5,0,737652,20,0,,HIEND 011918 (309)
HiEnd Accents,43110,737660-2,230943,24,5,0,737660,19,0,,HIEND 011918 (309)
HiEnd Accents,43109,737673-2,230827,253.5,5,0,737673,248.5,0,,HIEND 011918 (309)
HiEnd Accents,43109,737685-1,230799,40,5,0,737685,35,0,,HIEND 011918 (309)
HiEnd Accents,43109,737691-1,230804,140,5,0,737691,135,0,,HIEND 011918 (309)
HiEnd Accents,43108,737720-1,230459,44.5,5,0,737720,39.5,0,,HIEND 011918 (309)
HiEnd Accents,43108,737762-1,230479,125,5,0,737762,120,0,,HIEND 011918 (309)
HiEnd Accents,43108,737812-1,230474,155,5,0,737812,150,0,,HIEND 011918 (309)
HiEnd Accents,43108,737829-1,230450,25,5,0,737829,20,0,,HIEND 011918 (309)
HiEnd Accents,43109,737833-3,230824,121,5,0,737833,116,0,,HIEND 011918 (309)
HiEnd Accents,43108,737931-1,230484,147,5,0,737931,142,0,,HIEND 011918 (309)
HiEnd Accents,43108,737933-1,230483,385,5,0,737933,380,0,,HIEND 011918 (309)
HiEnd Accents,43108,737976-1,230453,125,5,0,737976,120,0,,HIEND 011918 (309)
HiEnd Accents,43108,738046-1,230481,44,5,0,738046,39,0,,HIEND 011918 (309)
HiEnd Accents,43108,738066-1,230454,170,5,0,738066,165,0,,HIEND 011918 (309)
HiEnd Accents,43109,738083-1,230798,264,5,0,738083,259,0,,HIEND 011918 (309)
HiEnd Accents,43109,738130-1,230808,95,5,0,738130,90,0,,HIEND 011918 (309)
HiEnd Accents,43109,738148-1,230802,170,5,0,738148,165,0,,HIEND 011918 (309)
HiEnd Accents,43110,738212-2,230941,90,5,0,738212,85,0,,HIEND 011918 (309)
HiEnd Accents,43109,738258-1,230800,85,5,0,738258,80,0,,HIEND 011918 (309)
HiEnd Accents,43112,738339-2,231238,202,5,0,738339,197,0,,HIEND 011918 (309)
HiEnd Accents,43109,738382-2,230801,315,5,0,738382,310,0,,HIEND 011918 (309)
HiEnd Accents,43110,738420-3,230929,160,5,0,738420,155,0,,HIEND 011918 (309)
HiEnd Accents,43109,738429-2,230809,150,5,0,738429,145,0,,HIEND 011918 (309)
HiEnd Accents,43110,738430-1,230940,219,5,0,738430,214,0,,HIEND 011918 (309)
HiEnd Accents,43109,738451-1,230805,95,5,0,738451,90,0,,HIEND 011918 (309)
HiEnd Accents,43109,738470-1,230806,150,5,0,738470,145,0,,HIEND 011918 (309)
HiEnd Accents,43109,738496-2,230807,147,5,0,738496,142,0,,HIEND 011918 (309)
HiEnd Accents,43109,738499-1,230821,200,5,0,738499,195,0,,HIEND 011918 (309)
HiEnd Accents,43110,738528-1,230946,260,5,0,738528,255,0,,HIEND 011918 (309)
HiEnd Accents,43109,738536-1,230803,95,5,0,738536,90,0,,HIEND 011918 (309)
HiEnd Accents,43110,738545-1,230947,185,5,0,738545,180,0,,HIEND 011918 (309)
HiEnd Accents,43110,738585-2,230927,37,5,0,738585,32,0,,HIEND 011918 (309)
HiEnd Accents,43110,738591-1,230928,55,5,0,738591,50,0,,HIEND 011918 (309)
HiEnd Accents,43110,738606-1,230945,191,5,0,738606,186,0,,HIEND 011918 (309)
HiEnd Accents,43111,738631-1,231050,95,5,0,738631,90,0,,HIEND 011918 (309)
HiEnd Accents,43110,738655-1,230936,227,5,0,738655,222,0,,HIEND 011918 (309)
HiEnd Accents,43110,738685-1,230930,95,5,0,738685,90,0,,HIEND 011918 (309)
HiEnd Accents,43110,738708-2,230939,180,5,0,738708,175,0,,HIEND 011918 (309)
HiEnd Accents,43110,738723-2,230938,165,5,0,738723,160,0,,HIEND 011918 (309)
HiEnd Accents,43110,738725-1,230932,95,5,0,738725,90,0,,HIEND 011918 (309)
HiEnd Accents,43110,738748-1,230937,125,5,0,738748,120,0,,HIEND 011918 (309)
HiEnd Accents,43110,738758-1,230931,170,5,0,738758,165,0,,HIEND 011918 (309)
HiEnd Accents,43110,738778-1,230935,55,5,0,738778,50,0,,HIEND 011918 (309)
HiEnd Accents,43110,738783-1,230933,39,5,0,738783,34,0,,HIEND 011918 (309)
HiEnd Accents,43110,738788-2,230934,75,5,0,738788,70,0,,HIEND 011918 (309)
HiEnd Accents,43112,738819-2,231243,220,5,0,738819,215,0,,HIEND 011918 (309)
HiEnd Accents,43110,738820-1,230944,285,5,0,738820,280,0,,HIEND 011918 (309)
HiEnd Accents,43111,738870-1,231038,235,5,0,738870,230,0,,HIEND 011918 (309)
HiEnd Accents,43111,738972-2,231048,22.5,5,0,738972,17.5,0,,HIEND 011918 (309)
HiEnd Accents,43111,739001-3,231047,184,5,0,739001,179,0,,HIEND 011918 (309)
HiEnd Accents,43111,739017-1,231039,185,5,0,739017,180,0,,HIEND 011918 (309)
HiEnd Accents,43111,739024-1,231042,73,5,0,739024,68,0,,HIEND 011918 (309)
HiEnd Accents,43111,739038-1,231043,185,5,0,739038,180,0,,HIEND 011918 (309)
HiEnd Accents,43111,739130-2,231040,170,5,0,739130,165,0,,HIEND 011918 (309)
HiEnd Accents,43111,739163-2,231045,22.5,5,0,739163,17.5,0,,HIEND 011918 (309)
HiEnd Accents,43111,739171-3,231044,24.5,5,0,739171,19.5,0,,HIEND 011918 (309)
HiEnd Accents,43111,739183-1,231041,355,5,0,739183,350,0,,HIEND 011918 (309)
HiEnd Accents,43112,739196-1,231240,155,5,0,739196,150,0,,HIEND 011918 (309)
HiEnd Accents,43112,739236-1,231237,85,5,0,739236,80,0,,HIEND 011918 (309)
HiEnd Accents,43111,739247-1,231046,175,5,0,739247,170,0,,HIEND 011918 (309)
HiEnd Accents,43111,739322-1,231049,26,5,0,739322,21,0,,HIEND 011918 (309)
HiEnd Accents,43112,739413-1,231231,23,5,0,739413,18,0,,HIEND 011918 (309)
HiEnd Accents,43112,739420-1,231236,142.5,5,0,739420,137.5,0,,HIEND 011918 (309)
HiEnd Accents,43112,739459-2,231232,27,5,0,739459,22,0,,HIEND 011918 (309)
HiEnd Accents,43112,739541-1,231241,185,5,0,739541,180,0,,HIEND 011918 (309)
HiEnd Accents,43112,739556-2,231233,26,5,0,739556,21,0,,HIEND 011918 (309)
HiEnd Accents,43112,739601-1,231239,200,5,0,739601,195,0,,HIEND 011918 (309)
HiEnd Accents,43112,739622-2,231234,100,5,0,739622,95,0,,HIEND 011918 (309)
HiEnd Accents,43115,739653-1,231400,200,5,0,739653,195,0,,HIEND 011918 (309)
HiEnd Accents,43112,739679-1,231235,320,5,0,739679,315,0,,HIEND 011918 (309)
HiEnd Accents,43115,739735-2,231401,71,5,0,739735,66,0,,HIEND 011918 (309)
HiEnd Accents,43115,739832-1,231395,50,5,0,739832,45,0,,HIEND 011918 (309)
HiEnd Accents,43115,740052-1,231402,247,5,0,740052,242,0,,HIEND 011918 (309)
HiEnd Accents,43115,740084-2,231390,48,5,0,740084,43,0,,HIEND 011918 (309)
HiEnd Accents,43115,740096-2,231376,205,5,0,740096,200,0,,HIEND 011918 (309)
HiEnd Accents,43115,740098-1,231387,26,5,0,740098,21,0,,HIEND 011918 (309)
HiEnd Accents,43115,740106-4,231386,35,5,0,740106,30,0,,HIEND 011918 (309)
HiEnd Accents,43115,740122-1,231380,115,5,0,740122,110,0,,HIEND 011918 (309)
HiEnd Accents,43115,740133-1,231379,125,5,0,740133,120,0,,HIEND 011918 (309)
HiEnd Accents,43115,740172-2,231381,180,5,0,740172,175,0,,HIEND 011918 (309)
HiEnd Accents,43115,740196-1,231378,142.5,5,0,740196,137.5,0,,HIEND 011918 (309)
HiEnd Accents,43116,740212-1,231656,318,5,0,740212,313,0,,HIEND 011918 (309)
HiEnd Accents,43115,740250-1,231384,100,5,0,740250,95,0,,HIEND 011918 (309)
HiEnd Accents,43115,740321-2,231392,45,5,0,740321,40,0,,HIEND 011918 (309)
HiEnd Accents,43115,740342-1,231383,115,5,0,740342,110,0,,HIEND 011918 (309)
HiEnd Accents,43115,740389-1,231377,250,5,0,740389,245,0,,HIEND 011918 (309)
HiEnd Accents,43115,740392-1,231382,115,5,0,740392,110,0,,HIEND 011918 (309)
HiEnd Accents,43115,740446-2,231393,27,5,0,740446,22,0,,HIEND 011918 (309)
HiEnd Accents,43115,740477-1,231391,55,5,0,740477,50,0,,HIEND 011918 (309)
HiEnd Accents,43115,740486-1,231394,55,5,0,740486,50,0,,HIEND 011918 (309)
HiEnd Accents,43115,740527-1,231404,250,5,0,740527,245,0,,HIEND 011918 (309)
HiEnd Accents,43116,740529-1,231657,100,5,0,740529,95,0,,HIEND 011918 (309)
HiEnd Accents,43115,740549-3,231385,49,5,0,740549,44,0,,HIEND 011918 (309)
HiEnd Accents,43115,740554-1,231398,275,5,0,740554,270,0,,HIEND 011918 (309)
HiEnd Accents,43116,740575-1,231646,33.5,5,0,740575,28.5,0,,HIEND 011918 (309)
HiEnd Accents,43115,740598-1,231396,304,5,0,740598,299,0,,HIEND 011918 (309)
HiEnd Accents,43115,740672-2,231389,27,5,0,740672,22,0,,HIEND 011918 (309)
HiEnd Accents,43115,740717-2,231405,826.5,5,0,740717,821.5,0,,HIEND 011918 (309)
HiEnd Accents,43115,740755-2,231399,291,5,0,740755,286,0,,HIEND 011918 (309)
HiEnd Accents,43115,740853-1,231403,170,5,0,740853,165,0,,HIEND 011918 (309)
HiEnd Accents,43115,740864-4,231397,249.5,5,0,740864,244.5,0,,HIEND 011918 (309)
HiEnd Accents,43115,740922-3,231407,39,5,0,740922,34,0,,HIEND 011918 (309)
HiEnd Accents,43115,740926-1,231406,130,5,0,740926,125,0,,HIEND 011918 (309)
HiEnd Accents,43116,740927-2,231662,35,5,0,740927,30,0,,HIEND 011918 (309)
HiEnd Accents,43116,740934-1,231650,34.5,5,0,740934,29.5,0,,HIEND 011918 (309)
HiEnd Accents,43115,740948-1,231408,47,5,0,740948,42,0,,HIEND 011918 (309)
HiEnd Accents,43116,741023-1,231653,55,5,0,741023,50,0,,HIEND 011918 (309)
HiEnd Accents,43116,741026-1,231645,50,5,0,741026,45,0,,HIEND 011918 (309)
HiEnd Accents,43117,741034-2,231689,45,5,0,741034,40,0,,HIEND 011918 (309)
HiEnd Accents,43116,741067-1,231654,25,5,0,741067,20,0,,HIEND 011918 (309)
HiEnd Accents,43116,741087-1,231651,115,5,0,741087,110,0,,HIEND 011918 (309)
HiEnd Accents,43116,741105-1,231647,38,5,0,741105,33,0,,HIEND 011918 (309)
HiEnd Accents,43116,741156-1,231649,79,5,0,741156,74,0,,HIEND 011918 (309)
HiEnd Accents,43116,741193-1,231659,47,5,0,741193,42,0,,HIEND 011918 (309)
HiEnd Accents,43116,741228-2,231663,100,5,0,741228,95,0,,HIEND 011918 (309)
HiEnd Accents,43116,741238-1,231661,25,5,0,741238,20,0,,HIEND 011918 (309)
HiEnd Accents,43116,741283-2,231652,26,5,0,741283,21,0,,HIEND 011918 (309)
HiEnd Accents,43117,741296-1,231684,202.5,5,0,741296,197.5,0,,HIEND 011918 (309)
HiEnd Accents,43116,741346-1,231655,115,5,0,741346,110,0,,HIEND 011918 (309)
HiEnd Accents,43116,741390-1,231660,49,5,0,741390,44,0,,HIEND 011918 (309)
HiEnd Accents,43117,741457-2,231690,89,5,0,741457,84,0,,HIEND 011918 (309)
HiEnd Accents,43117,741547-1,231691,25,5,0,741547,20,0,,HIEND 011918 (309)
HiEnd Accents,43117,741548-2,231693,27,5,0,741548,22,0,,HIEND 011918 (309)
HiEnd Accents,43117,741560-1,231682,200,5,0,741560,195,0,,HIEND 011918 (309)
HiEnd Accents,43117,741618-1,231687,170,5,0,741618,165,0,,HIEND 011918 (309)
HiEnd Accents,43117,741644-2,231686,40,5,0,741644,35,0,,HIEND 011918 (309)
HiEnd Accents,43117,741698-4,231688,35,5,0,741698,30,0,,HIEND 011918 (309)
HiEnd Accents,43117,741760-1,231681,170,5,0,741760,165,0,,HIEND 011918 (309)
HiEnd Accents,43117,741788-1,231692,30,5,0,741788,25,0,,HIEND 011918 (309)
HiEnd Accents,43117,741813-1,231685,68,5,0,741813,63,0,,HIEND 011918 (309)
HiEnd Accents,43117,741832-2,231695,26,5,0,741832,21,0,,HIEND 011918 (309)
HOMEFIRES,43115,740000-2,45390,180.5,0,0,740000,180.5,0,,HOMEFIRES 011518 45390
HOMEFIRES,43115,740145-1,45389,27.5,5,0,740145,22.5,0,,HOMEFIRES 011518 45388
HOMEFIRES,43115,740787-2,45388,27.5,5,0,740787,22.5,0,,HOMEFIRES 011518 45388
HOMEFIRES,43118,741452-1,45417,50,5,0,741452,45,0,,HOMEFIRES 011818 45417
HOMEFIRES,43118,741704-1,45415,27.5,5,0,741704,22.5,0,,HOMEFIRES 011818 45415
HOMEFIRES,43118,741988-2,45416,27.5,5,0,741988,22.5,0,,HOMEFIRES 011818 45416
"KAS Oriental Rugs, Inc.",43115,739370-2,673111,17.1,0,0,739370,17.1,0,,KAS 011518 673111
"KAS Oriental Rugs, Inc.",43116,740538-1,673337,228,0,0,740538,228,0,,KAS 011618 673337
"KAS Oriental Rugs, Inc.",43119,741773-2,674204,95,0,0,741773,95,0,,KAS 011918 674204
Kimlor,43104,666225-2,841707,22.95,6.95,0,666225,28.5,12.5,,KIMLOR 011518 (70)
Kimlor,43109,722738-1,842457,132.45,6.95,0,722738,125.5,0,,KIMLOR 011518 (70)
Kimlor,43106,722762-4,842056,19.45,6.95,0,722762,105.5,93,,KIMLOR 011518 (70)
Kimlor,43104,725454-1,841708,19.5,0,0,725454,19.5,0,,KIMLOR 011518 (70)
Kimlor,43109,725875-1,842458,100.95,6.95,0,725875,94,0,,KIMLOR 011518 (70)
Kimlor,43106,732680-1,842028,132.45,6.95,0,732680,125.5,0,,KIMLOR 011518 (70)
Kimlor,43106,733023-1,842029,69.95,6.95,0,733023,63,0,,KIMLOR 011518 (70)
Kimlor,43109,733308-1,842459,24.95,6.95,0,733308,65,47,,KIMLOR 011518 (70)
Kimlor,43098,733937-1,841192,45.95,6.95,0,733937,39,0,,KIMLOR 011518 (70)
Kimlor,43098,733958-1,841193,39.45,6.95,0,733958,32.5,0,,KIMLOR 011518 (70)
Kimlor,43108,734038-1,842268,76.2,6.95,0,734038,79,9.75,,KIMLOR 011518 (70)
Kimlor,43106,734258-1,842030,61.45,6.95,0,734258,54.5,0,,KIMLOR 011518 (70)
Kimlor,43106,734309-2,842031,44.45,6.95,0,734309,84.5,47,,KIMLOR 011518 (70)
Kimlor,43106,734342-2,842032,41.95,6.95,0,734342,71,36,,KIMLOR 011518 (70)
Kimlor,43106,734343-1,842033,36.45,6.95,0,734343,29.5,0,,KIMLOR 011518 (70)
Kimlor,43106,734493-1,842034,26.45,6.95,0,734493,19.5,0,,KIMLOR 011518 (70)
Kimlor,43106,734562-2,842035,24.95,6.95,0,734562,18,0,,KIMLOR 011518 (70)
Kimlor,43106,734604-1,842036,59.95,6.95,0,734604,53,0,,KIMLOR 011518 (70)
Kimlor,43106,734755-1,842037,31.45,6.95,0,734755,24.5,0,,KIMLOR 011518 (70)
Kimlor,43106,734831-1,842038,163.45,6.95,0,734831,156.5,0,,KIMLOR 011518 (70)
Kimlor,43106,734978-2,842039,118.7,6.95,0,734978,111.75,0,,KIMLOR 011518 (70)
Kimlor,43106,735058-2,842040,83.45,6.95,0,735058,76,-0.5,,KIMLOR 011518 (70)
Kimlor,43106,735075-1,842041,36.45,6.95,0,735075,29.5,0,,KIMLOR 011518 (70)
Kimlor,43106,735094-1,842042,23.7,6.95,0,735094,16.75,0,,KIMLOR 011518 (70)
Kimlor,43106,735112-3,842043,16.7,6.95,0,735112,9.75,0,,KIMLOR 011518 (70)
Kimlor,43109,735351-1,842460,85.95,6.95,0,735351,79,0,,KIMLOR 011518 (70)
Kimlor,43109,735398-1,842461,95.95,6.95,0,735398,89,0,,KIMLOR 011518 (70)
Kimlor,43106,735432-1,842044,104.2,6.95,0,735432,97.25,0,,KIMLOR 011518 (70)
Kimlor,43106,735466-1,842045,59.95,6.95,0,735466,106,53,,KIMLOR 011518 (70)
Kimlor,43106,735512-1,842046,39.45,6.95,0,735512,32.5,0,,KIMLOR 011518 (70)
Kimlor,43106,735619-2,842057,26.45,6.95,0,735619,29.25,9.75,,KIMLOR 011518 (70)
Kimlor,43106,735657-1,842047,53.95,6.95,0,735657,47,0,,KIMLOR 011518 (70)
Kimlor,43106,735799-1,842048,53.95,6.95,0,735799,47,0,,KIMLOR 011518 (70)
Kimlor,43106,735830-1,842049,49.95,6.95,0,735830,43,0,,KIMLOR 011518 (70)
Kimlor,43106,735848-1,842050,200.45,6.95,0,735848,193.5,0,,KIMLOR 011518 (70)
Kimlor,43106,735929-1,842051,53.95,6.95,0,735929,47,0,,KIMLOR 011518 (70)
Kimlor,43106,736017-1,842052,76.45,6.95,0,736017,69.5,0,,KIMLOR 011518 (70)
Kimlor,43106,736018-1,842053,53.95,6.95,0,736018,47,0,,KIMLOR 011518 (70)
Kimlor,43106,736027-1,842054,108.45,6.95,0,736027,101.5,0,,KIMLOR 011518 (70)
Kimlor,43106,736053-1,842055,41.45,6.95,0,736053,34.5,0,,KIMLOR 011518 (70)
Kimlor,43106,736086-2,842058,43.45,6.95,0,736086,36.5,0,,KIMLOR 011518 (70)
Kimlor,43106,736181-1,842059,111.45,6.95,0,736181,104.5,0,,KIMLOR 011518 (70)
Kimlor,43106,736326-1,842060,16.95,6.95,0,736326,10,0,,KIMLOR 011518 (70)
Kimlor,43109,736370-2,842462,82.95,6.95,0,736370,76,0,,KIMLOR 011518 (70)
Kimlor,43106,736523-1,842061,53.95,6.95,0,736523,47,0,,KIMLOR 011518 (70)
Kimlor,43106,736547-1,842062,56.7,6.95,0,736547,49.75,0,,KIMLOR 011518 (70)
Kimlor,43108,736635-1,842269,22.95,6.95,0,736635,16,0,,KIMLOR 011518 (70)
Kimlor,43108,736998-1,842270,70.95,6.95,0,736998,64,0,,KIMLOR 011518 (70)
Kimlor,43108,737009-1,842271,26.45,6.95,0,737009,19.5,0,,KIMLOR 011518 (70)
Kimlor,43108,737123-1,842272,49.95,6.95,0,737123,43,0,,KIMLOR 011518 (70)
Kimlor,43108,737178-1,842273,59.95,6.95,0,737178,53,0,,KIMLOR 011518 (70)
Kimlor,43108,737314-1,842274,49.95,6.95,0,737314,43,0,,KIMLOR 011518 (70)
Kimlor,43108,737384-2,842275,104.45,6.95,0,737384,97.5,0,,KIMLOR 011518 (70)
Kimlor,43108,737392-1,842276,66.95,6.95,0,737392,60,0,,KIMLOR 011518 (70)
Kimlor,43108,737433-1,842277,143.45,6.95,0,737433,136.5,0,,KIMLOR 011518 (70)
Kimlor,43108,737837-1,842278,44.45,6.95,0,737837,37.5,0,,KIMLOR 011518 (70)
Kimlor,43108,737943-2,842279,35.95,6.95,0,737943,29,0,,KIMLOR 011518 (70)
Kimlor,43108,737965-1,842280,39.45,6.95,0,737965,32.5,0,,KIMLOR 011518 (70)
Kimlor,43108,738074-1,842281,36.2,6.95,0,738074,29.25,0,,KIMLOR 011518 (70)
Kimlor,43109,738146-1,842463,71.45,6.95,0,738146,64.5,0,,KIMLOR 011518 (70)
Kimlor,43109,738158-1,842464,40.2,6.95,0,738158,33.25,0,,KIMLOR 011518 (70)
Kimlor,43109,738304-1,842465,61.45,6.95,0,738304,54.5,0,,KIMLOR 011518 (70)
Kimlor,43109,738360-1,842466,111.45,6.95,0,738360,104.5,0,,KIMLOR 011518 (70)
Kimlor,43109,738366-2,842467,16.7,6.95,0,738366,9.75,0,,KIMLOR 011518 (70)
Kimlor,43109,738402-1,842468,88.95,6.95,0,738402,82,0,,KIMLOR 011518 (70)
Kimlor,43109,738437-1,842469,59.95,6.95,0,738437,53,0,,KIMLOR 011518 (70)
Kimlor,43109,738467-1,842470,96.7,6.95,0,738467,89.75,0,,KIMLOR 011518 (70)
Kimlor,43109,738474-1,842471,46.45,6.95,0,738474,39.5,0,,KIMLOR 011518 (70)
Kimlor,43109,738488-1,842472,59.95,6.95,0,738488,53,0,,KIMLOR 011518 (70)
Kimlor,43109,738550-1,842473,70.7,6.95,0,738550,63.75,0,,KIMLOR 011518 (70)
Laural Home,43111,735526-2,17786,49,0,0,735526,49,0,,LAURAL HOME 011618 (26)
Laural Home,43112,735554-1,17828,64,0,0,735554,64,0,,LAURAL HOME 011618 (26)
Laural Home,43112,735601-2,17829,22.5,0,0,735601,22.5,0,,LAURAL HOME 011618 (26)
Laural Home,43111,735741-2,17787,49,0,0,735741,49,0,,LAURAL HOME 011618 (26)
Laural Home,43111,736445-1,17788,45,0,0,736445,45,0,,LAURAL HOME 011618 (26)
Laural Home,43110,736713-2,17696,47,0,0,736713,47,0,,LAURAL HOME 011618 (26)
Laural Home,43109,736770-1,17697,54,0,0,736770,54,0,,LAURAL HOME 011618 (26)
Laural Home,43109,736983-2,17698,32,0,0,736983,32,0,,LAURAL HOME 011618 (26)
Laural Home,43110,737033-1,17699,49,0,0,737033,49,0,,LAURAL HOME 011618 (26)
Laural Home,43111,737430-1,17789,67.5,0,0,737430,67.5,0,,LAURAL HOME 011618 (26)
Laural Home,43109,737953-1,17700,143,0,0,737953,143,0,,LAURAL HOME 011618 (26)
Laural Home,43109,737985-2,17701,189,0,0,737985,189,0,,LAURAL HOME 011618 (26)
Laural Home,43109,738042-2,17702,49,0,0,738042,49,0,,LAURAL HOME 011618 (26)
Laural Home,43110,738198-2,17703,32,0,0,738198,32,0,,LAURAL HOME 011618 (26)
Laural Home,43110,738372-1,17734,49,0,0,738372,49,0,,LAURAL HOME 011618 (26)
Laural Home,43112,738512-3,17790,45,0,0,738512,45,0,,LAURAL HOME 011618 (26)
Laural Home,43110,738888-1,17737,49,0,0,738888,49,0,,LAURAL HOME 011618 (26)
Laural Home,43112,738890-2,17830,49,0,0,738890,49,0,,LAURAL HOME 011618 (26)
Laural Home,43110,738891-2,17736,40,0,0,738891,40,0,,LAURAL HOME 011618 (26)
Laural Home,43110,738896-2,17735,98,0,0,738896,98,0,,LAURAL HOME 011618 (26)
Laural Home,43112,739144-2,17831,49,0,0,739144,49,0,,LAURAL HOME 011618 (26)
Laural Home,43112,739235-1,17832,203,0,0,739235,203,0,,LAURAL HOME 011618 (26)
Laural Home,43112,739267-2,17833,49,0,0,739267,49,0,,LAURAL HOME 011618 (26)
Laural Home,43111,739338-1,17791,49,0,0,739338,49,0,,LAURAL HOME 011618 (26)
Laural Home,43112,739346-1,17834,64,0,0,739346,64,0,,LAURAL HOME 011618 (26)
Laural Home,43112,739353-3,17835,49,0,0,739353,49,0,,LAURAL HOME 011618 (26)
Lorec Ranch Wholesale,43117,703728-1,622,1284.99,85,0,703728,1199.99,0,,LOREC 011918 622
Lorec Ranch Wholesale,43045,705174-1,572,95.98,10,0,705174,85.98,0,,LOREC 011618 572
Lorec Ranch Wholesale,43054,707393-1,578,89.99,10,0,707393,79.99,0,,LOREC 011618 578
Lorec Ranch Wholesale,43119,716276-1,625,79.98,10,0,716276,69.98,0,,LOREC 011918 625
Lorec Ranch Wholesale,43116,729828-4,615,119.99,10,0,729828,219.98,109.99,,LOREC 011618 615
Lorec Ranch Wholesale,43116,730452-1,616,44.99,10,0,730452,34.99,0,,LOREC 011618 616
Lorec Ranch Wholesale,43116,740001-1,614,52.99,10,0,740001,42.99,0,,LOREC 011618 614
Lorec Ranch Wholesale,43117,740038-2,617,89.99,10,0,740038,79.99,0,,LOREC 011818 617
Lorec Ranch Wholesale,43117,741066-2,618,39.99,10,0,741066,29.99,0,,LOREC 011818 618
Lorec Ranch Wholesale,43117,741160-2,623,149.99,10,0,741160,139.99,0,,LOREC 011818 623
Lorec Ranch Wholesale,43119,742417-1,626,44.99,10,0,742417,77.98,42.99,,LOREC 011918 626
Mexican Country Imports,43117,732872-2,10885,387.56,160.56,0,732872,227,0,,MEXICAN COUNTRY 011718 10885
Mexican Country Imports,43117,737615-1,10884,570.81,199.81,0,737615,371,0,,MEXICAN COUNTRY 011718 10884
"Michaelian Home, Inc.",43117,740642-1,53983,107,8,0,740642,99,0,,MICHAELIAN HOME 011818 53983
"Midwest-CBK, LLC",43117,738963-9,9776460,35,5,0,738963,30,0,,MIDWEST 011718 9776460
"Mood Dekor, Inc.",43110,734359-1,874,76.05,11.05,0,734359,65,0,,MOOD DEKOR 011918 874
"Mood Dekor, Inc.",43110,739187-2,876,70.2,10.2,0,739187,60,0,,MOOD DEKOR 011918 876
"Mood Dekor, Inc.",43110,739919-6,875,140.4,20.4,0,739919,120,0,,MOOD DEKOR 011918 875
"Mood Dekor, Inc.",43110,741541-1,878,40.95,5.95,0,741541,35,0,,MOOD DEKOR 011918 878
"Mood Dekor, Inc.",43110,741990-1,877,81.9,11.9,0,741990,70,0,,MOOD DEKOR 011918 877
"OK CASTING, LLC.",43088,728681-1,68268,103,15,0,728681,88,0,,OK CASTING 011818 68268
"OK CASTING, LLC.",43116,731627-1,68286,168,15,0,731627,153,0,,OK CASTING 011818 68286
"OK CASTING, LLC.",43118,732059-1,68290,79,15,0,732059,64,0,,OK CASTING 011918 68290
"OK CASTING, LLC.",43118,732533-1,68291,84,15,0,732533,69,0,,OK CASTING 011918 68291
"OK CASTING, LLC.",43118,736897-1,68350,214,15,0,736897,199,0,,OK CASTING 011918 68350
"OK CASTING, LLC.",43118,737898-1,68351,84,15,0,737898,69,0,,OK CASTING 011918 68351
Rizzy Home,43115,738652-3,4081196,160.82,5,0,738652,155.82,0,,RIZZY 011518 4081196
Rizzy Home,43118,739520-4,4084064,152.84,5,0,739520,147.84,0,,RIZZY 011918 4084064 (3)
Rizzy Home,43118,740401-1,4084066,152.84,5,0,740401,147.84,0,,RIZZY 011918 4084064 (3)
Rizzy Home,43118,740528-1,4084065,152.84,5,0,740528,147.84,0,,RIZZY 011918 4084064 (3)
Saverio Inc.,43101,736920-1,201810011,295.5,10,0,736920,285.5,0,,SAVERIO 010818
Saverio Inc.,43115,738625-1,201810031,226,10,0,738625,216,0,,SAVERIO 011718 201810031
Saverio Inc.,43116,740232-1,201810034,226,10,0,740232,216,0,,SAVERIO 011718 201810034
Saverio Inc.,43115,740547-1,201810026,136,10,0,740547,126,0,,SAVERIO 011618 201810026
Saverio Inc.,43116,740896-1,201810029,323.5,10,0,740896,313.5,0,,SAVERIO 011718 201810029
Saverio Inc.,43115,740964-2,201810025,33,5,0,740964,28,0,,SAVERIO 011618 201810025
Saverio Inc.,43116,741025-1,201810030,71,5,0,741025,66,0,,SAVERIO 011718 201810030
Saverio Inc.,43115,741078-1,201810032,190,10,0,741078,180,0,,SAVERIO 011718 201810032
Saverio Inc.,43117,741916-1,201810036,240,10,0,741916,230,0,,SAVERIO 011818 201810036
Saverio Inc.,43118,742123-1,201810038,26,5,0,742123,21,0,,SAVERIO 011918 201810038
Silverado Home,43108,717761-1,6471,385.36,10,0,717761,375.36,0,,SILVERADO 011518 6471
SOLSTICE ARTS,43110,737238-1,80607,80,0,0,737238,80,0,,SOLSTICE ARTS 011618 80607
SOLSTICE ARTS,43110,738345-2,80688,31.75,0,0,738345,126.75,95,,SOLSTICE ARTS 011618 80688
SOLSTICE ARTS,43110,739672-3,80688,35,0,0,739672,35,0,,SOLSTICE ARTS 011618 80688
SOLSTICE ARTS,43110,739689-1,80688,58,0,0,739689,58,0,,SOLSTICE ARTS 011618 80688
SOLSTICE ARTS,43110,740047-2,80688,75,0,0,740047,75,0,,SOLSTICE ARTS 011618 80688
SOLSTICE ARTS,43110,740391-1,80688,18,0,0,740391,18,0,,SOLSTICE ARTS 011618 80688
SOLSTICE ARTS,43110,740478-2,80688,35,0,0,740478,35,0,,SOLSTICE ARTS 011618 80688
SOLSTICE ARTS,43110,740567-2,80688,95,0,0,740567,95,0,,SOLSTICE ARTS 011618 80688
SOLSTICE ARTS,43110,740691-1,80688,53,0,0,740691,53,0,,SOLSTICE ARTS 011618 80688
SOLSTICE ARTS,43110,740702-2,80688,53,0,0,740702,53,0,,SOLSTICE ARTS 011618 80688
SOLSTICE ARTS,43110,740795-1,80688,35,0,0,740795,35,0,,SOLSTICE ARTS 011618 80688
SOLSTICE ARTS,43110,740839-1,80688,35,0,0,740839,35,0,,SOLSTICE ARTS 011618 80688
SOLSTICE ARTS,43110,740842-2,80688,35,0,0,740842,35,0,,SOLSTICE ARTS 011618 80688
SOLSTICE ARTS,43110,740869-3,80688,75,0,0,740869,75,0,,SOLSTICE ARTS 011618 80688
SOLSTICE ARTS,43110,740870-2,80688,75,0,0,740870,75,0,,SOLSTICE ARTS 011618 80688
SOLSTICE ARTS,43110,740917-1,80688,80,0,0,740917,80,0,,SOLSTICE ARTS 011618 80688
SOLSTICE ARTS,43110,741135-2,80688,155,80,0,741135,75,0,,SOLSTICE ARTS 011618 80688
SOLSTICE ARTS,43118,742124-1,80728,75,0,0,742124,75,0,,SOLSTICE ARTS 011818 80728
SOLSTICE ARTS,43119,742168-1,80739,85,5,0,742168,80,0,,SOLSTICE ARTS 011918 80739
SOLSTICE ARTS,43119,742334-1,80739,40,5,0,742334,35,0,,SOLSTICE ARTS 011918 80739
SOLSTICE ARTS,43119,742527-1,80739,23,5,0,742527,18,0,,SOLSTICE ARTS 011918 80739
Songbird Essentials,43444,724092-1,1269662,14.25,3.5,0,724092,10.75,0,,SONGBIRD 011815 1269662
"StyleCraft Home Collection, Inc.",43111,738279-1,1438067,636.07,0,0,738279,669.55,33.48,,STYLECRAFT 011518 1438067(2)
"StyleCraft Home Collection, Inc.",43110,738466-1,1437816,91.98,0,0,738466,96.82,4.84,,STYLECRAFT 011518 1437816(5)
"StyleCraft Home Collection, Inc.",43110,738691-2,1437820,91.98,0,0,738691,96.82,4.84,,STYLECRAFT 011518 1437816(5)
"StyleCraft Home Collection, Inc.",43110,738737-1,1437818,91.98,0,0,738737,96.82,4.84,,STYLECRAFT 011518 1437816(5)
"StyleCraft Home Collection, Inc.",43110,738779-1,1437819,45.99,0,0,738779,48.41,2.42,,STYLECRAFT 011518 1437816(5)
"StyleCraft Home Collection, Inc.",43110,738937-1,1437817,62.23,0,0,738937,65.51,3.28,,STYLECRAFT 011518 1437816(5)
"StyleCraft Home Collection, Inc.",43111,739064-1,1438068,59.49,0,0,739064,62.62,3.13,,STYLECRAFT 011518 1438067(2)
"StyleCraft Home Collection, Inc.",43116,739481-1,1439775,21.62,0,0,739481,22.76,1.14,,STYLECRAFT 011718 1439775
"StyleCraft Home Collection, Inc.",43117,740836-1,1440414,25.69,0,0,740836,27.04,1.35,,STYLECRAFT 011818 (2)
"StyleCraft Home Collection, Inc.",43117,741743-1,1440415,37.87,0,0,741743,39.86,1.99,,STYLECRAFT 011818 (2)
Suzanne Nicoll Studio,43096,731747-2,27514,37,5,0,731747,32,0,,SUZANNE NICOLL 011818 27514
Suzanne Nicoll Studio,43103,735379-1,27521,37,5,0,735379,32,0,,SUZANNE NICOLL 011818 27521
Suzanne Nicoll Studio,43109,737373-2,27534,202,10,0,737373,192,0,,SUZANNE NICOLL 011818 27534
Suzanne Nicoll Studio,43109,737870-2,27535,69,5,0,737870,64,0,,SUZANNE NICOLL 011818 27535
Suzanne Nicoll Studio,43109,738085-1,27536,53,5,0,738085,48,0,,SUZANNE NICOLL 011818 27536
Suzanne Nicoll Studio,43115,740903-1,27547,69,5,0,740903,64,0,,SUZANNE NICOLL 011818 27547
Suzanne Nicoll Studio,43117,741136-4,27553,95,5,0,741136,90,0,,SUZANNE NICOLL 011818 27553
"Trans-Ocean Import Co., Inc.",43038,703607-1,827733,19.95,0,0,703607,19.95,0,,TRANS OCEAN 10 31 17 5(4)
"Trans-Ocean Import Co., Inc.",43117,731137-2,853601,90,0,0,731137,90,0,,TRANS OCEAN 011818 (3)
"Trans-Ocean Import Co., Inc.",43117,732241-1,853604,64.95,0,0,732241,64.95,0,,TRANS OCEAN 011818 (3)
"Trans-Ocean Import Co., Inc.",43116,741136-2,853433,43,0,0,741136,43,0,,TRANS OCEAN 011718 853433
"Trans-Ocean Import Co., Inc.",43117,741647-1,853794,15.95,0,0,741647,15.95,0,,TRANS OCEAN 011818 (3)
UTAH MOUNTAIN FURNITURE,43117,699740-2,2537,570,0,0,699740,1125,555,,UTAH MTN 011818 2537
UTAH MOUNTAIN FURNITURE,43115,718520-2,2531,2693.27,534.27,0,718520,2159,0,,UTAH MTN 011718 2531
UTAH MOUNTAIN FURNITURE,43116,718599-1,2536,1228.1,328.1,0,718599,900,0,,UTAH MTN 011818 2536
UTAH MOUNTAIN FURNITURE,43116,720509-2,2534,2371.86,701.86,0,720509,1670,0,,UTAH MTN 011818 2534
UTAH MOUNTAIN FURNITURE,43115,721075-1,2532,606.75,281.75,0,721075,325,0,,UTAH MTN 011718 2532
UTAH MOUNTAIN FURNITURE,43115,721519-2,2533,1076.42,491.42,0,721519,585,0,,UTAH MTN 011718 2533
UTAH MOUNTAIN FURNITURE,43116,723398-2,2535,685.93,286.93,0,723398,399,0,,UTAH MTN 011818 2535
UTAH MOUNTAIN FURNITURE,43117,725260-1,2541,686.26,287.26,0,725260,399,0,,UTAH MTN 011818 2541
UTAH MOUNTAIN FURNITURE,43117,727241-1,2539,190,0,0,727241,190,0,,UTAH MTN 011818 2539
UTAH MOUNTAIN FURNITURE,43117,731210-1,2540,561.3,236.3,0,731210,325,0,,UTAH MTN 011818 2540
UTAH MOUNTAIN FURNITURE,43117,738512-2,2538,380,0,0,738512,380,0,,UTAH MTN 011818 2538
Webers Leather,43119,713201-4,95236,40.3,8.57,0,713201,64.96,33.23,,WEBERS 011918 95236
Webers Leather,43118,742261-1,95213,22.11,7.86,0,742261,14.25,0,,WEBERS 011818 95213
West of the Wind Designs,43115,740121-2,94337,95,0,0,740121,95,0,,WEST OF THE WIND 011518 94337
WGI Gallery,42986,680593-2,175011,70.02,3,0,680593,67.02,0,,WGI 011918 175011
WGI Gallery,42986,680722-3,175011,70.02,3,0,680722,67.02,0,,WGI 011918 175011
WGI Gallery,42986,680744-3,175011,70.02,3,0,680744,67.02,0,,WGI 011918 175011
WGI Gallery,42986,680899-1,175011,58.84,3,0,680899,55.84,0,,WGI 011918 175011
WGI Gallery,42986,681460-2,175011,70.02,3,0,681460,67.02,0,,WGI 011918 175011
WGI Gallery,42986,681682-1,175011,37.99,3,0,681682,34.99,0,,WGI 011918 175011
WGI Gallery,42986,681873-1,175011,70.02,3,0,681873,67.02,0,,WGI 011918 175011
WGI Gallery,42986,682152-2,175011,58.84,3,0,682152,55.84,0,,WGI 011918 175011
WGI Gallery,42986,682297-3,175011,70.02,3,0,682297,67.02,0,,WGI 011918 175011
WGI Gallery,42986,682632-1,175011,58.84,3,0,682632,55.84,0,,WGI 011918 175011
WGI Gallery,42986,682678-2,175011,70.02,3,0,682678,67.02,0,,WGI 011918 175011
WGI Gallery,42986,682694-1,175011,70.02,3,0,682694,134.04,67.02,,WGI 011918 175011
WGI Gallery,42986,682913-1,175011,70.02,3,0,682913,67.02,0,,WGI 011918 175011
WGI Gallery,42986,683029-2,175011,70.02,3,0,683029,67.02,0,,WGI 011918 175011
WGI Gallery,42986,683052-1,175011,70.02,3,0,683052,67.02,0,,WGI 011918 175011
WGI Gallery,42986,683152-2,175011,70.02,3,0,683152,67.02,0,,WGI 011918 175011
WGI Gallery,42986,683233-1,175011,58.84,3,0,683233,55.84,0,,WGI 011918 175011
Wilco Home,43113,738554-2,84360,13.2,0,0,738554,13.2,0,,WILCO 011518 84360
WILD WINGS,43102,734173-2,338866,62,5,0,734173,57,0,,WILD WINGS 011518 (12)
WILD WINGS,43102,734419-1,339132,62,5,0,734419,57,0,,WILD WINGS 011518 (12)
WILD WINGS,43104,735683-1,339026,52,5,0,735683,47.5,0.5,,WILD WINGS 011518 (12)
WILD WINGS,43104,735883-1,339025,76.25,5,0,735883,71.25,0,,WILD WINGS 011518 (12)
WILD WINGS,43105,736106-3,339114,62,5,0,736106,57,0,,WILD WINGS 011518 (12)
WILD WINGS,43105,736149-1,339112,53.45,5,0,736149,48.45,0,,WILD WINGS 011518 (12)
WILD WINGS,43105,736314-1,339113,119,5,0,736314,114,0,,WILD WINGS 011518 (12)
WILD WINGS,43108,736324-2,339184,62,5,0,736324,57,0,,WILD WINGS 011518 (12)
WILD WINGS,43109,737320-2,339306,62,5,0,737320,57,0,,WILD WINGS 011518 (12)
WILD WINGS,43109,737608-2,339273,62,5,0,737608,57,0,,WILD WINGS 011518 (12)
WILD WINGS,43109,738350-1,339307,62,5,0,738350,57,0,,WILD WINGS 011518 (12)
WOODED RIVER,43117,733649-2,122467,536.9,0,0,733649,1191.19,654.29,,WOODED RIVER 011818 122467
WOODED RIVER,43118,733653-4,122487,24.57,0,0,733653,24.57,0,,WOODED RIVER 011818 122487
WOODED RIVER,43116,739129-2,122439,34.58,0,0,739129,34.58,0,,WOODED RIVER 011618 122439
WOODED RIVER,43116,739132-1,122438,33.67,0,0,739132,33.67,0,,WOODED RIVER 011618 122438
WOODED RIVER,43116,739266-1,122461,49.14,0,0,739266,49.14,0,,WOODED RIVER 011718 122461
WOODED RIVER,43116,739465-1,122463,305.76,0,0,739465,305.76,0,,WOODED RIVER 011718 122463
WOODED RIVER,43116,739663-1,122464,424.06,0,0,739663,424.06,0,,WOODED RIVER 011718 122464
WOODED RIVER,43116,740053-1,122440,58.24,0,0,740053,58.24,0,,WOODED RIVER 011618 122440
WOODED RIVER,43116,740106-3,122447,34.58,0,0,740106,34.58,0,,WOODED RIVER 011618 122447
WOODED RIVER,43118,740194-1,122489,63.7,0,0,740194,63.7,0,,WOODED RIVER 011818 122489
WOODED RIVER,43117,740337-1,122482,341.25,0,0,740337,341.25,0,,WOODED RIVER 011818 122482
WOODED RIVER,43118,740563-2,122488,24.57,0,0,740563,24.57,0,,WOODED RIVER 011818 122488
WOODED RIVER,43122,740637-4,122519,42.77,0,0,740637,42.77,0,,WOODED RIVER 011918 122519
WOODED RIVER,43118,740715-1,122491,43.68,0,0,740715,43.68,0,,WOODED RIVER 011818 122491
WOODED RIVER,43118,740832-1,122492,291.2,0,0,740832,291.2,0,,WOODED RIVER 011818 122492
WOODED RIVER,43119,741119-1,122516,101.92,0,0,741119,101.92,0,,WOODED RIVER 011918 122516
WOODED RIVER,43121,741311-1,122518,374.92,0,0,741311,374.92,0,,WOODED RIVER 011918 122518
WOODED RIVER,43120,741344-1,122517,62.79,0,0,741344,62.79,0,,WOODED RIVER 011918 122517
