Vendor Name,"Invoice 
Date",PO Num,"Invoice 
Number",Invoice Total,Drop Ship Fee,Shipping Fee,OMX PO,OMX Total,Total    Difference,Discrepancy,Memo
MEXPORTS,43132,749926-1,7496,829,0,0,749926,749,-80,CREDIT CARD INVOICE  - NOT UPLOADED,MEXPORTS 020718 201810003 N
ANASAZI METAL WORKS,43123,Dix-,3578,46,6,0,,,,NO PO ON INVOICE,ANASAZI 020518 3578 N
All Resort Furnishings,43136,742018-1,3940,90,5,0,,,,NOT ON DROP SHIP REPORT,ALL RESORT 020618 3940 N
American Crystal,43082,723092-1,12839,72,0,0,,,,NOT ON DROP SHIP REPORT,AMERICAN CRYSTAL 020618 12839
ANASAZI METAL WORKS,43123,742238-1,3578,46,6,0,,,,NOT ON DROP SHIP REPORT,ANASAZI 020518 3578 N
Designers Fountain,43126,705031-,92920907,132.5,5,0,,,,NOT ON DROP SHIP REPORT,DESIGNERS FTN 020518 (4) N
Designers Fountain,43126,705546-,92920908,132.5,5,0,,,,NOT ON DROP SHIP REPORT,DESIGNERS FTN 020518 (4) N
Designers Fountain,43126,706165-,92920909,689.7,5,0,,,,NOT ON DROP SHIP REPORT,DESIGNERS FTN 020518 (4) N
Designers Fountain,43126,706166-,92920910,71.75,5,0,,,,NOT ON DROP SHIP REPORT,DESIGNERS FTN 020518 (4) N
HiEnd Accents,43137,747707-1,233655,65,5,0,,,,NOT ON DROP SHIP REPORT,HI END 020718 132 N
Artisans Gallery,43138,747603-1,747603-1,178,18,0,747603,142,-18,PO MISMATCH,ARTISANS GALLERY 020818 747603-1 N
Artisans Gallery,43136,746611-2,746611-2,47,6.05,0,746611,40,-0.95,PO MISMATCH,ARTISANS GALLERY 020618 746611-2 N
EVERGREEN ENTERPRISES,43132,734110-2,6421946,85,5,0,734110,65,-15,PO MISMATCH,EVERGREEN 020518 6421946 N
HiEnd Accents,43132,729356-2,233071 Replacement,25,0,0,729356,25,0,REVISED - NOT UPLOADED,HI END 020718 132 N
HiEnd Accents,43132,729154-1,233072 Replacement,69,0,0,729154,69,0,REVISED - NOT UPLOADED,HI END 020718 132 N
HiEnd Accents,43132,727961-1,233063 Replacement,75,0,0,727961,270,195,REVISED - NOT UPLOADED,HI END 020718 132 N
HiEnd Accents,43133,719854-2,233219 Replacement,70,0,0,719854,241.5,171.5,REVISED - NOT UPLOADED,HI END 020718 132 N
Mexican Country Imports,43137,720303-1,10918,0,0,0,720303,114,114,REVISED - NOT UPLOADED,MEXICAN CO 020718 10918 N
HiEnd Accents,43132,7151-,233070,8847,0,0,,,,WAREHOUSE- NOT UPLOADED,HI END 020718 132 N
All Resort Furnishings,43136,736140-1,3940,90,5,0,736140,85,0,,ALL RESORT 020618 3940 N
All Resort Furnishings,43136,737026-3,3940,142,5,0,737026,137,0,,ALL RESORT 020618 3940 N
All Resort Furnishings,43136,737955-1,3940,57,5,0,737955,52,0,,ALL RESORT 020618 3940 N
All Resort Furnishings,43136,738826-1,3940,100,5,0,738826,95,0,,ALL RESORT 020618 3940 N
All Resort Furnishings,43136,739141-1,3940,195,5,0,739141,190,0,,ALL RESORT 020618 3940 N
All Resort Furnishings,43136,739771-2,3940,57,5,0,739771,52,0,,ALL RESORT 020618 3940 N
All Resort Furnishings,43136,739906-1,3940,90,5,0,739906,85,0,,ALL RESORT 020618 3940 N
All Resort Furnishings,43136,740091-2,3940,57,5,0,740091,52,0,,ALL RESORT 020618 3940 N
All Resort Furnishings,43136,741680-4,3940,57,5,0,741680,52,0,,ALL RESORT 020618 3940 N
All Resort Furnishings,43136,743540-1,3940,100,5,0,743540,95,0,,ALL RESORT 020618 3940 N
All Resort Furnishings,43136,743919-1,3940,90,5,0,743919,85,0,,ALL RESORT 020618 3940 N
All Resort Furnishings,43136,743970-4,3940,55,5,0,743970,50,0,,ALL RESORT 020618 3940 N
All Resort Furnishings,43136,746607-1,3940,50,5,0,746607,45,0,,ALL RESORT 020618 3940 N
All Resort Furnishings,43136,747553-3,3940,50,5,0,747553,45,0,,ALL RESORT 020618 3940 N
All Resort Furnishings,43136,734167-3,3940,100,5,0,734167,190,95,,ALL RESORT 020618 3940 N
All Resort Furnishings,43136,735168-2,3940,44,5,0,735168,78,13,,ALL RESORT 020618 3940 N
All Resort Furnishings,43136,735168-8,3940,31,5,0,735168,78,13,,ALL RESORT 020618 3940 N
All Resort Furnishings,43136,735423-1,3940,317,5,0,735423,416,104,,ALL RESORT 020618 3940 N
Always Azul Pottery,43126,737306-1,18229,114,4,0,737306,110,0,,ALWAYS AZUL 020518 18229 N
Always Azul Pottery,43126,738764-1,18229,57,2,0,738764,55,0,,ALWAYS AZUL 020518 18229 N
Always Azul Pottery,43126,732764-1,18229,310,10,0,732764,300,0,,ALWAYS AZUL 020518 18229 N
Always Azul Pottery,43126,724565-1,18229,62,2,0,724565,60,0,,ALWAYS AZUL 020518 18229 N
Always Azul Pottery,43126,735205-2,18229,248,8,0,735205,240,0,,ALWAYS AZUL 020518 18229 N
Always Azul Pottery,43126,740157-1,18229,124,4,0,740157,120,0,,ALWAYS AZUL 020518 18229 N
Always Azul Pottery,43126,740773-1,18229,31,2,0,740773,29,0,,ALWAYS AZUL 020518 18229 N
Always Azul Pottery,43126,742350-1,18229,62,2,0,742350,60,0,,ALWAYS AZUL 020518 18229 N
Always Azul Pottery,43126,739054-1,18229,342,12,0,739054,330,0,,ALWAYS AZUL 020518 18229 N
Always Azul Pottery,43126,741642-2,18229,29,2,0,741642,27,0,,ALWAYS AZUL 020518 18229 N
Always Azul Pottery,43126,742136-1,18229,29,2,0,742136,27,0,,ALWAYS AZUL 020518 18229 N
Always Azul Pottery,43126,732916-1,18229,124,4,0,732916,120,0,,ALWAYS AZUL 020518 18229 N
Always Azul Pottery,43133,736928-1,18258,372,12,0,736928,360,0,,ALWAYS AZUL 020518 18258 N
Always Azul Pottery,43133,747556-2,18258,114,4,0,747556,110,0,,ALWAYS AZUL 020518 18258 N
Always Azul Pottery,43133,747536-2,18258,57,2,0,747536,55,0,,ALWAYS AZUL 020518 18258 N
Always Azul Pottery,43133,747371-1,18258,124,4,0,747371,120,0,,ALWAYS AZUL 020518 18258 N
Always Azul Pottery,43133,746172-2,18258,57,2,0,746172,55,0,,ALWAYS AZUL 020518 18258 N
Always Azul Pottery,43133,741273-1,18258,248,8,0,741273,240,0,,ALWAYS AZUL 020518 18258 N
Always Azul Pottery,43133,744831-4,18258,62,4,0,744831,58,0,,ALWAYS AZUL 020518 18258 N
Always Azul Pottery,43126,738904-2,18229,22,2,0,738904,21,1,,ALWAYS AZUL 020518 18229 N
American Crystal,43082,728382-1,12839,36,0,0,728382,36,0,,AMERICAN CRYSTAL 020618 12839
ANASAZI METAL WORKS,43123,736070-1,3578,61.9,21.9,0,736070,40,0,,ANASAZI 020518 3578 N
ANASAZI METAL WORKS,43123,729345-1,3578,46,6,0,729345,40,0,,ANASAZI 020518 3578 N
ANASAZI METAL WORKS,43123,733746-3,3578,46,6,0,733746,40,0,,ANASAZI 020518 3578 N
ANASAZI METAL WORKS,43123,734608-1,3578,46,6,0,734608,40,0,,ANASAZI 020518 3578 N
ANASAZI METAL WORKS,43123,736186-1,3578,46,6,0,736186,40,0,,ANASAZI 020518 3578 N
ANASAZI METAL WORKS,43123,739100-2,3578,46,6,0,739100,40,0,,ANASAZI 020518 3578 N
ANASAZI METAL WORKS,43123,742810-2,3578,46,6,0,742810,40,0,,ANASAZI 020518 3578 N
ANASAZI METAL WORKS,43123,742051-,3578,46,6,0,742051,80,40,,ANASAZI 020518 3578 N
Artisans Gallery,43133,738458-1,738458-1,106,6.05,0,738458,99,-0.95,,ARTISANS GALLERY 020518 738458-1 N
Artisans Gallery,43133,721080-1,721080-1,214,24,0,721080,190,0,,ARTISANS GALLERY 020518 721080-1 N
Artisans Gallery,43133,729077-1,729077-1,889,20,0,729077,869,0,,ARTISANS GALLERY 020518 729077-1 N
Artisans Gallery,43133,729707-2,729707-2,214,24,0,729707,190,0,,ARTISANS GALLERY 020518 729707-2 N
Artisans Gallery,43133,732392-2,732392-2,109.25,14.25,0,732392,95,0,,ARTISANS GALLERY 020518 732392-2 N
Artisans Gallery,43137,732817-1,732817-1,382,24,0,732817,358,0,,ARTISTIC GALLERY 020718 732817-1 N
Artisans Gallery,43112,733543-3,733543-3,180,18,0,733543,162,0,,ARTISANS GALLERY 020818 733543-3
Artisans Gallery,43133,733555-2,733555-2,98,4,0,733555,94,0,,ARTISANS GALLERY 020518 733555-2 N
Artisans Gallery,43133,733608-1,733608-1,98,4,0,733608,94,0,,ARTISANS GALLERY 020518 733608-1 N
Artisans Gallery,43112,734335-1,734335-1,172,12,0,734335,160,0,,ARTISANS GALLERY 020818 734335-1 N
Artisans Gallery,43112,735842-2,735842-2,172,12,0,735842,160,0,,ARTISANS GALLERY 020818 735842-2
Artisans Gallery,43137,736031-2,736031-2,78.25,10,0,736031,68.25,0,,ARTISTIC GALLERY 020718 736031-2 N
Artisans Gallery,43136,736101-1,736101-1,29.5,5,0,736101,24.5,0,,ARTISANS GALLERY 020618 736101-1 N
Artisans Gallery,43136,736266-1,736266-1,98,4,0,736266,94,0,,ARTISANS GALLERY 020618 736266-1 N
Artisans Gallery,43133,736912-1,736912-1,59,0,0,736912,59,0,,ARTISANS GALLERY 020518 736912-1 N
Artisans Gallery,43133,737360-1,737360-1,59,0,0,737360,59,0,,ARTISANS GALLERY 020518 737360-1 N
Artisans Gallery,43133,737396-2,737396-2,59,0,0,737396,59,0,,ARTISANS GALLERY 020518 737396-2 N
Artisans Gallery,43133,737911-1,737911-1,59,0,0,737911,59,0,,ARTISANS GALLERY 020518 737911-1 N
Artisans Gallery,43133,738263-1,738263-1,59,0,0,738263,59,0,,ARTISANS GALLERY 020518 738263-1 N
Artisans Gallery,43133,738468-1,738468-1,59,0,0,738468,59,0,,ARTISANS GALLERY 020518 738468-1 N
Artisans Gallery,43133,738963-3,738963-3,112.13,14.63,0,738963,97.5,0,,ARTISANS GALLERY 020518 738963-3 N
Artisans Gallery,43112,739385-1,739385-1,279,12,0,739385,267,0,,ARTISANS GALLERY 020818 739385-1 N
Artisans Gallery,43137,739495-2,739495-2,59,0,0,739495,59,0,,ARTISTIC GALLERY 020718 739495-2 N
Artisans Gallery,43112,739585-1,739585-1,78,4,0,739585,74,0,,ARTISANS GALLERY 020818 739585-1 N
Artisans Gallery,43112,739590-1,739590-1,60.6,6,0,739590,54.6,0,,ARTISANS GALLERY 020818 739590-1 N
Artisans Gallery,43136,741166-1,741166-1,110,6,0,741166,104,0,,ARTISANS GALLERY 020818 741166-1 N
Artisans Gallery,43137,742289-1,742289-1,98.9,12.9,0,742289,86,0,,ARTISTIC GALLERY 020718 742289-1 N
Artisans Gallery,43136,745409-1,745409-1,26.5,5,0,745409,21.5,0,,ARTISANS GALLERY 020618 745409-1 N
Artisans Gallery,43133,746029-2,746029-2,60.6,6,0,746029,54.6,0,,ARTISANS GALLERY 020518 746029-2 N
Artisans Gallery,43133,746681-2,746681-2,78,4,0,746681,74,0,,ARTISANS GALLERY 020518 746681-2 N
Artisans Gallery,43136,746829-1,746829-1,220,12,0,746829,208,0,,ARTISANS GALLERY 020618 746829-1 N
Artisans Gallery,43136,747025-2,747025-2,135,12,0,747025,123,0,,ARTISANS GALLERY 020618 746829-1 N
Artisans Gallery,43138,747136-1,747136-1,65.55,12,0,747136,53.55,0,,ARTISANS GALLERY 020818 747136-1 N
Artisans Gallery,43138,747144-2,747144-2,60.6,6,0,747144,54.6,0,,ARTISANS GALLERY 020818 747144-2 N
Artisans Gallery,43136,747806-2,747806-2,39,2,0,747806,37,0,,ARTISANS GALLERY 020618 747806-2 N
Artisans Gallery,43138,747963-1,747963-1,60.6,6,0,747963,54.6,0,,ARTISANS GALLERY 020818 747963-1 N
Artisans Gallery,43138,748252-1,748252-1,45,5,0,748252,40,0,,ARTISANS GALLERY 020818 748252-1 N
Artisans Gallery,43138,748519-1,748519-1,147,10,0,748519,137,0,,ARTISANS GALLERY 020818 748519-1 N
Artisans Gallery,43138,748875-1,748875-1,45,5,0,748875,40,0,,ARTISANS GALLERY 020818 748875-1 N
Artisans Gallery,43138,748912-1,748912-1,32,2,0,748912,30,0,,ARTISANS GALLERY 020818 748912-1 N
Artisans Gallery,43138,749406-1,749406-1,73.6,9.6,0,749406,64,0,,ARTISANS GALLERY 020818 749406-1 N
Artisans Gallery,43137,749415-1,749415-1,129,18,0,749415,111,0,,ARTISTIC GALLERY 020718 749415-1 N
Artisans Gallery,43137,749491-1,749491-1,43,6,0,749491,37,0,,ARTISTIC GALLERY 020718 749491-1 N
Artisans Gallery,43138,749595-1,749595-1,60.6,6,0,749595,54.6,0,,ARTISANS GALLERY 020818 749595-1 N
Artisans Gallery,43138,749870-2,749870-2,45,5,0,749870,40,0,,ARTISANS GALLERY 020818 749870-2 N
Artisans Gallery,43138,750831-2,7508131-2,60.6,6,0,750831,54.6,0,,ARTISANS GALLERY 020818 7508131-2 N
Artisans Gallery,43138,749886-2,749886-2,228.85,29.85,0,749886,199,0,,ARTISANS GALLERY 020818 749886-2 N
Artisans Gallery,43138,750163-3,750163-3,162,12,0,750163,150,0,,ARTISANS GALLERY 020818 750163-3 N
Artisans Gallery,43138,750205-1,750205-1,37.75,2,0,750205,35.75,0,,ARTISANS GALLERY 020818 750205-1 N
Artisans Gallery,43138,750368-1,750368-1,32,2,0,750368,30,0,,ARTISANS GALLERY 020818 750368-1 N
Artisans Gallery,43138,750514-2,750514-2,80.45,8,0,750514,72.45,0,,ARTISANS GALLERY 020818 750514-2 N
Artisans Gallery,43138,750568-1,750568-1,60.6,6,0,750568,54.6,0,,ARTISANS GALLERY 020818 750568-1 N
Artisans Gallery,43138,750643-1,750643-1,60.6,6,0,750643,54.6,0,,ARTISANS GALLERY 020818 750643-1 N
Artisans Gallery,43138,750714-1,750714-1,82.81,10.81,0,750714,72,0,,ARTISANS GALLERY 020818 750714-1 N
Artisans Gallery,43138,750725-2,750725-2,32,2,0,750725,30,0,,ARTISANS GALLERY 020818 750725-2 N
Artisans Gallery,43138,716311-3,716311-3,67.85,8.85,0,716311,327,268,,ARTISANS GALLERY 020818 716311-3 N
Artisans Gallery,43133,731906-1,731906-1,690.65,62,0,731906,633,4.35,,ARTISANS GALLERY 020818 731906-1 N
Artisans Gallery,43136,747423-2,747423-2,34.5,2,0,747423,34.6,2.1,,ARTISANS GALLERY 020618 747423-2 N
Artisans Gallery,43138,748818-2,748818-2,36.5,2,0,748818,34.6,0.1,,ARTISANS GALLERY 020818 748818-2 N
Bacova Guild,43138,748668-2,4604276,37.75,0,0,748668,33.22,-4.53,,BACOVA 020818 (15) N
Bacova Guild,43138,747484-2,4604272,16.5,0,0,747484,14.52,-1.98,,BACOVA 020818 (15) N
Bacova Guild,43138,748678-1,4604277,8.25,0,0,748678,7.26,-0.99,,BACOVA 020818 (15) N
Bacova Guild,43138,749005-1,4604280,9,0,0,749005,7.92,-1.08,,BACOVA 020818 (15) N
Bacova Guild,43138,749357-2,4604282,12.5,0,0,749357,11,-1.5,,BACOVA 020818 (15) N
Bacova Guild,43138,749609-2,4604283,9,0,0,749609,7.92,-1.08,,BACOVA 020818 (15) N
Bacova Guild,43138,749625-2,4604284,7.75,0,0,749625,6.82,-0.93,,BACOVA 020818 (15) N
Bacova Guild,43138,749055-1,4604281,14.75,0,0,749055,12.98,-1.77,,BACOVA 020818 (15) N
Bacova Guild,43138,748880-2,4604279,7.45,0,0,748880,6.56,-0.89,,BACOVA 020818 (15) N
Bacova Guild,43138,749758-3,4604286,7.45,0,0,749758,6.56,-0.89,,BACOVA 020818 (15) N
Bacova Guild,43138,747502-3,4604273,7.2,0,0,747502,6.34,-0.86,,BACOVA 020818 (15) N
Bacova Guild,43138,748078-2,4604275,28.95,0,0,748078,25.48,-3.47,,BACOVA 020818 (15) N
Bacova Guild,43138,748750-2,4604278,17.55,0,0,748750,15.45,-2.1,,BACOVA 020818 (15) N
Bacova Guild,43138,747582-1,4604274,18.4,0,0,747582,16.2,-2.2,,BACOVA 020818 (15) N
Bacova Guild,43138,749723-2,4604285,29.25,0,0,749723,25.75,-3.5,,BACOVA 020818 (15) N
Bacova Guild,43136,747162-4,4602426,32.85,0,0,747162,34.07,1.22,,BACOVA 020618 4602426 N
Colorado Carpets,43135,740297-2,1802-1,75.5,0,0,740297,75.5,0,,COLORADO CARPERTS 020518 BFD1802-1 N
Colorado Carpets,43135,740943-2,1802-1,151,0,0,740943,151,0,,COLORADO CARPERTS 020518 BFD1802-1 N
Colorado Carpets,43135,741482-1,1802-1,75.5,0,0,741482,75.5,0,,COLORADO CARPERTS 020518 BFD1802-1 N
Colorado Carpets,43135,741550-1,1802-1,440,0,0,741550,440,0,,COLORADO CARPERTS 020518 BFD1802-1 N
Colorado Carpets,43135,742755-1,1802-1,79.5,0,0,742755,79.5,0,,COLORADO CARPERTS 020518 BFD1802-1 N
Colorado Carpets,43135,743391-1,1802-1,79.5,0,0,743391,79.5,0,,COLORADO CARPERTS 020518 BFD1802-1 N
Colorado Carpets,43135,743478-1,1802-1,48.5,0,0,743478,48.5,0,,COLORADO CARPERTS 020518 BFD1802-1 N
Colorado Carpets,43135,743572-1,1802-1,149,0,0,743572,149,0,,COLORADO CARPERTS 020518 BFD1802-1 N
Colorado Carpets,43135,743690-1,1802-1,149,0,0,743690,149,0,,COLORADO CARPERTS 020518 BFD1802-1 N
Colorado Carpets,43135,743284-3,1802-1,75.5,0,0,743284,75.5,0,,COLORADO CARPERTS 020518 BFD1802-1 N
Colorado Carpets,43135,743721-3,1802-1,79.5,0,0,743721,79.5,0,,COLORADO CARPERTS 020518 BFD1802-1 N
Colorado Carpets,43135,743783-1,1802-1,149,0,0,743783,149,0,,COLORADO CARPERTS 020518 BFD1802-1 N
Colorado Carpets,43135,744106-2,1802-1,79.5,0,0,744106,79.5,0,,COLORADO CARPERTS 020518 BFD1802-1 N
Colorado Carpets,43135,744358-2,1802-1,337.5,0,0,744358,337.5,0,,COLORADO CARPERTS 020518 BFD1802-1 N
Colorado Carpets,43135,744516-1,1802-1,79.5,0,0,744516,79.5,0,,COLORADO CARPERTS 020518 BFD1802-1 N
Colorado Carpets,43135,744725-2,1802-1,289,0,0,744725,289,0,,COLORADO CARPERTS 020518 BFD1802-1 N
Colorado Carpets,43135,744955-1,1802-1,289,0,0,744955,289,0,,COLORADO CARPERTS 020518 BFD1802-1 N
Colorado Carpets,43135,745053-1,1802-1,289,0,0,745053,289,0,,COLORADO CARPERTS 020518 BFD1802-1 N
Colorado Carpets,43135,745153-2,1802-1,79.5,0,0,745153,79.5,0,,COLORADO CARPERTS 020518 BFD1802-1 N
Colorado Carpets,43135,746316-1,1802-1,149,0,0,746316,149,0,,COLORADO CARPERTS 020518 BFD1802-1 N
Colorado Carpets,43135,743317-1,1802-1,597,0,0,743317,1190,593,,COLORADO CARPERTS 020518 BFD1802-1 N
Crestview Collection,43133,747604-1,290505,27.95,0,0,747604,27.95,0,,CRESTVIEW 020518 290504-505 N
Crestview Collection,43133,745675-1,290504,64.95,0,0,745675,64.95,0,,CRESTVIEW 020518 290504-505 N
Crestview Collection,43133,747859-2,290506,124.95,0,0,747859,124.95,0,,CRESTVIEW 020518 290506 N
Crestview Collection,43137,748024-2,291068,64.95,0,0,748024,64.95,0,,CRESTVIEW 020618 291067-68 (2) N
Crestview Collection,43137,748304-3,291069,59.95,0,0,748304,59.95,0,,CRESTVIEW 020618 291069 N
Crestview Collection,43138,749900-3,291589,54.5,0,0,749900,54.5,0,,CRESTVIEW 020718 291598 (2) N
Crestview Collection,43138,749356-2,291591,64.95,0,0,749356,68,3.05,,CRESTVIEW 020718 291598 (2) N
Crestview Collection,43137,730712-5,291067,84.95,0,0,730712,424.75,339.8,,CRESTVIEW 020618 291067-68 (2) N
Crestview Collection,43138,749080-1,291595,129.9,0,0,749080,136,6.1,,CRESTVIEW 020718 291595 N
EVERGREEN ENTERPRISES,43132,744567-1,6422310,180,5,0,744567,175,0,,EVERGREEN 020518 6422310 N
EVERGREEN ENTERPRISES,43131,746007-2,6422311,35,5,0,746007,30,0,,EVERGREEN 020518 6422311 N
EVERGREEN ENTERPRISES,43131,746078-2,6422313,22,5,0,746078,17,0,,EVERGREEN 020518 6422313 N
EVERGREEN ENTERPRISES,43138,747177-2,6428078,105,5,0,747177,100,0,,EVERGREEN 020818 6428078 N
EVERGREEN ENTERPRISES,43138,749096-3,6428079,13.5,5,0,749096,8.5,0,,EVERGREEN 020818 6428079 N
EVERGREEN ENTERPRISES,43138,749251-1,6428081,30.5,5,0,749251,25.5,0,,EVERGREEN 020818 6428081 N
EVERGREEN ENTERPRISES,43138,749316-2,6428083,35,5,0,749316,30,0,,EVERGREEN 020818 6428083 N
EVERGREEN ENTERPRISES,43138,749977-2,6428086,35,5,0,749977,30,0,,EVERGREEN 020818 6428086 N
"EXPO DECOR, LLC",43070,714500-1,78764,40,5,0,714500,63,28,,EXPO 020818 78764 N
"EXPO DECOR, LLC",43455,716303-3,78908,77,5,0,716303,194.4,122.4,,EXPO 020818 78908 N
Fireside Lodge,43137,740832-2,69624,575.06,225.06,0,740832,343,-7,,FIRESDIE 020718 69624 N20
Fireside Lodge,43138,737172-1,69820,205,0,0,737172,205.8,0.8,,FIRESIDE 020818 69820 N20
Fireside Lodge,43139,739730-1,69829,185,0,0,739730,186.2,1.2,,FIRESIDE 020818 69829 N20
HiEnd Accents,43129,745650-2,232681,50,5,0,745650,45,0,,HI END 013118 23
HiEnd Accents,43129,746186-2,232682,130,5,0,746186,125,0,,HI END 013118 23
HiEnd Accents,43129,746071-1,232683,80,5,0,746071,75,0,,HI END 013118 23
HiEnd Accents,43129,746103-1,232684,74,5,0,746103,69,0,,HI END 013118 23
HiEnd Accents,43129,745576-1,232685,165,5,0,745576,160,0,,HI END 013118 23
HiEnd Accents,43129,746195-2,232686,44,5,0,746195,39,0,,HI END 013118 23
HiEnd Accents,43129,745975-2,232687,45,5,0,745975,40,0,,HI END 013118 23
HiEnd Accents,43129,745630-3,232688,27,5,0,745630,22,0,,HI END 013118 23
HiEnd Accents,43129,745546-2,232689,636,5,0,745546,631,0,,HI END 013118 23
HiEnd Accents,43129,745836-1,232690,25,5,0,745836,20,0,,HI END 013118 23
HiEnd Accents,43129,746087-1,232691,125,5,0,746087,120,0,,HI END 013118 23
HiEnd Accents,43129,745774-2,232692,85,5,0,745774,80,0,,HI END 013118 23
HiEnd Accents,43129,746356-1,232693,75,5,0,746356,70,0,,HI END 013118 23
HiEnd Accents,43129,746260-2,232694,200,5,0,746260,195,0,,HI END 013118 23
HiEnd Accents,43129,746228-1,232695,130,5,0,746228,125,0,,HI END 013118 23
HiEnd Accents,43129,745925-1,232696,185,5,0,745925,180,0,,HI END 013118 23
HiEnd Accents,43129,745847-2,232697,50,5,0,745847,45,0,,HI END 013118 23
HiEnd Accents,43129,745966-2,232698,85,5,0,745966,80,0,,HI END 013118 23
HiEnd Accents,43129,745928-1,232699,385,5,0,745928,380,0,,HI END 013118 23
HiEnd Accents,43129,745498-4,232700,105,5,0,745498,100,0,,HI END 013118 23
HiEnd Accents,43129,745462-2,232701,228,5,0,745462,223,0,,HI END 013118 23
HiEnd Accents,43129,745437-2,232702,318,5,0,745437,313,0,,HI END 013118 23
HiEnd Accents,43132,747129-1,232996,40,5,0,747129,35,0,,HI END 020718 132 N
HiEnd Accents,43132,747176-1,232997,345,5,0,747176,340,0,,HI END 020718 132 N
HiEnd Accents,43132,747224-2,232998,74.5,5,0,747224,69.5,0,,HI END 020718 132 N
HiEnd Accents,43132,746893-2,232999,351,5,0,746893,346,0,,HI END 020718 132 N
HiEnd Accents,43132,747410-1,233000,147,5,0,747410,142,0,,HI END 020718 132 N
HiEnd Accents,43132,747445-1,233001,85,5,0,747445,80,0,,HI END 020718 132 N
HiEnd Accents,43132,741654-1,233002,175,5,0,741654,170,0,,HI END 020718 132 N
HiEnd Accents,43132,747040-2,233003,235,5,0,747040,230,0,,HI END 020718 132 N
HiEnd Accents,43132,747290-2,233004,160,5,0,747290,155,0,,HI END 020718 132 N
HiEnd Accents,43132,747249-1,233005,95,5,0,747249,90,0,,HI END 020718 132 N
HiEnd Accents,43132,747229-2,233006,50,5,0,747229,45,0,,HI END 020718 132 N
HiEnd Accents,43132,747119-1,233007,85,5,0,747119,80,0,,HI END 020718 132 N
HiEnd Accents,43132,747035-3,233008,22.5,5,0,747035,17.5,0,,HI END 020718 132 N
HiEnd Accents,43132,747225-1,233009,115,5,0,747225,110,0,,HI END 020718 132 N
HiEnd Accents,43132,746850-1,233010,55,5,0,746850,50,0,,HI END 020718 132 N
HiEnd Accents,43132,747385-1,233011,27,5,0,747385,22,0,,HI END 020718 132 N
HiEnd Accents,43132,746977-2,233012,45,5,0,746977,40,0,,HI END 020718 132 N
HiEnd Accents,43132,747196-1,233013,150,5,0,747196,145,0,,HI END 020718 132 N
HiEnd Accents,43132,747948-2,233081,27,5,0,747948,22,0,,HI END 020718 132 N
HiEnd Accents,43132,747878-1,233082,85,5,0,747878,80,0,,HI END 020718 132 N
HiEnd Accents,43132,747854-3,233083,55,5,0,747854,50,0,,HI END 020718 132 N
HiEnd Accents,43132,747844-1,233084,255,5,0,747844,250,0,,HI END 020718 132 N
HiEnd Accents,43132,747715-1,233085,145,5,0,747715,140,0,,HI END 020718 132 N
HiEnd Accents,43132,747753-1,233086,208.5,5,0,747753,203.5,0,,HI END 020718 132 N
HiEnd Accents,43132,747665-1,233087,25,5,0,747665,20,0,,HI END 020718 132 N
HiEnd Accents,43132,747786-1,233088,170,5,0,747786,165,0,,HI END 020718 132 N
HiEnd Accents,43132,747708-1,233089,85,5,0,747708,80,0,,HI END 020718 132 N
HiEnd Accents,43132,747678-1,233090,20,5,0,747678,15,0,,HI END 020718 132 N
HiEnd Accents,43132,747525-1,233091,300,5,0,747525,295,0,,HI END 020718 132 N
HiEnd Accents,43132,747296-1,233092,370,5,0,747296,365,0,,HI END 020718 132 N
HiEnd Accents,43132,747800-1,233093,229,5,0,747800,224,0,,HI END 020718 132 N
HiEnd Accents,43132,747423-3,233094,26,5,0,747423,21,0,,HI END 020718 132 N
HiEnd Accents,43132,747728-1,233095,47,5,0,747728,42,0,,HI END 020718 132 N
HiEnd Accents,43132,747647-1,233096,22.5,5,0,747647,17.5,0,,HI END 020718 132 N
HiEnd Accents,43132,747197-1,233097,227,5,0,747197,222,0,,HI END 020718 132 N
HiEnd Accents,43132,747491-1,233098,115,5,0,747491,110,0,,HI END 020718 132 N
HiEnd Accents,43132,747448-5,233099,27,5,0,747448,22,0,,HI END 020718 132 N
HiEnd Accents,43132,747507-2,233100,30,5,0,747507,25,0,,HI END 020718 132 N
HiEnd Accents,43132,747677-1,233101,295,5,0,747677,290,0,,HI END 020718 132 N
HiEnd Accents,43132,747853-2,233102,152.5,5,0,747853,147.5,0,,HI END 020718 132 N
HiEnd Accents,43133,748538-2,233220,50,5,0,748538,45,0,,HI END 020718 132 N
HiEnd Accents,43133,748482-1,233221,155,5,0,748482,150,0,,HI END 020718 132 N
HiEnd Accents,43133,748509-1,233222,170,5,0,748509,165,0,,HI END 020718 132 N
HiEnd Accents,43133,748175-1,233223,170,5,0,748175,165,0,,HI END 020718 132 N
HiEnd Accents,43133,748336-2,233224,30,5,0,748336,25,0,,HI END 020718 132 N
HiEnd Accents,43133,748238-2,233225,185,5,0,748238,180,0,,HI END 020718 132 N
HiEnd Accents,43133,748267-1,233226,130,5,0,748267,125,0,,HI END 020718 132 N
HiEnd Accents,43133,748542-1,233227,102,5,0,748542,97,0,,HI END 020718 132 N
HiEnd Accents,43133,748285-1,233228,165,5,0,748285,160,0,,HI END 020718 132 N
HiEnd Accents,43133,747938-1,233229,185,5,0,747938,180,0,,HI END 020718 132 N
HiEnd Accents,43133,748212-1,233230,260,5,0,748212,255,0,,HI END 020718 132 N
HiEnd Accents,43133,748433-1,233231,125,5,0,748433,120,0,,HI END 020718 132 N
HiEnd Accents,43133,748343-2,233232,25,5,0,748343,20,0,,HI END 020718 132 N
HiEnd Accents,43133,747943-2,233233,187.5,5,0,747943,182.5,0,,HI END 020718 132 N
HiEnd Accents,43133,748268-3,233234,26,5,0,748268,21,0,,HI END 020718 132 N
HiEnd Accents,43133,748026-1,233235,205,5,0,748026,200,0,,HI END 020718 132 N
HiEnd Accents,43133,748086-1,233236,185,5,0,748086,180,0,,HI END 020718 132 N
HiEnd Accents,43133,748054-1,233237,185,5,0,748054,180,0,,HI END 020718 132 N
HiEnd Accents,43133,748099-3,233238,265,5,0,748099,260,0,,HI END 020718 132 N
HiEnd Accents,43133,748548-2,233239,115,5,0,748548,110,0,,HI END 020718 132 N
HiEnd Accents,43133,748182-2,233240,55,5,0,748182,50,0,,HI END 020718 132 N
HiEnd Accents,43133,748034-2,233241,110,5,0,748034,105,0,,HI END 020718 132 N
HiEnd Accents,43133,748082-1,233242,94,5,0,748082,89,0,,HI END 020718 132 N
HiEnd Accents,43133,748139-2,233243,22.5,5,0,748139,17.5,0,,HI END 020718 132 N
HiEnd Accents,43133,747989-1,233244,20,5,0,747989,15,0,,HI END 020718 132 N
HiEnd Accents,43133,731254-2,233272,50,5,0,731254,45,0,,HI END 020718 132 N
HiEnd Accents,43133,734063-1,233273,135,5,0,734063,130,0,,HI END 020718 132 N
HiEnd Accents,43133,745119-3,233274,25,5,0,745119,20,0,,HI END 020718 132 N
HiEnd Accents,43133,709208-6,233275,45,5,0,709208,40,0,,HI END 020718 132 N
HiEnd Accents,43133,733323-2,233276,25,5,0,733323,20,0,,HI END 020718 132 N
HiEnd Accents,43133,741520-1,233277,205,5,0,741520,200,0,,HI END 020718 132 N
HiEnd Accents,43133,714834-3,233278,25,5,0,714834,20,0,,HI END 020718 132 N
HiEnd Accents,43133,734629-1,233279,45,5,0,734629,40,0,,HI END 020718 132 N
HiEnd Accents,43133,745461-1,233281,79,5,0,745461,74,0,,HI END 020718 132 N
HiEnd Accents,43133,719627-1,233282,79,5,0,719627,74,0,,HI END 020718 132 N
HiEnd Accents,43133,730322-1,233283,79,5,0,730322,74,0,,HI END 020718 132 N
HiEnd Accents,43133,731360-1,233284,79,5,0,731360,74,0,,HI END 020718 132 N
HiEnd Accents,43133,740689-3,233285,25,5,0,740689,20,0,,HI END 020718 132 N
HiEnd Accents,43136,721967-2,233425,153,5,0,721967,148,0,,HI END 020718 132 N
HiEnd Accents,43136,723670-2,233428,74,5,0,723670,69,0,,HI END 020718 132 N
HiEnd Accents,43136,745438-2,233430,45,5,0,745438,40,0,,HI END 020718 132 N
HiEnd Accents,43136,747314-1,233431,195,5,0,747314,190,0,,HI END 020718 132 N
HiEnd Accents,43136,749806-4,233432,55,5,0,749806,50,0,,HI END 020718 132 N
HiEnd Accents,43136,749772-1,233433,185,5,0,749772,180,0,,HI END 020718 132 N
HiEnd Accents,43136,749877-1,233434,25,5,0,749877,20,0,,HI END 020718 132 N
HiEnd Accents,43136,749802-3,233435,42.5,5,0,749802,37.5,0,,HI END 020718 132 N
HiEnd Accents,43136,745987-1,233436,123,5,0,745987,118,0,,HI END 020718 132 N
HiEnd Accents,43136,749322-1,233437,170,5,0,749322,165,0,,HI END 020718 132 N
HiEnd Accents,43136,749209-1,233438,25,5,0,749209,20,0,,HI END 020718 132 N
HiEnd Accents,43136,748872-2,233439,55,5,0,748872,50,0,,HI END 020718 132 N
HiEnd Accents,43136,749106-2,233440,40,5,0,749106,35,0,,HI END 020718 132 N
HiEnd Accents,43136,748900-2,233441,49,5,0,748900,44,0,,HI END 020718 132 N
HiEnd Accents,43136,748961-2,233442,259,5,0,748961,254,0,,HI END 020718 132 N
HiEnd Accents,43136,748697-1,233444,200,5,0,748697,195,0,,HI END 020718 132 N
HiEnd Accents,43136,748584-1,233445,200,5,0,748584,195,0,,HI END 020718 132 N
HiEnd Accents,43136,748783-1,233446,200,5,0,748783,195,0,,HI END 020718 132 N
HiEnd Accents,43136,749355-2,233447,30,5,0,749355,25,0,,HI END 020718 132 N
HiEnd Accents,43136,748867-1,233448,200,5,0,748867,195,0,,HI END 020718 132 N
HiEnd Accents,43136,749617-1,233449,285,5,0,749617,280,0,,HI END 020718 132 N
HiEnd Accents,43136,749220-2,233450,50,5,0,749220,45,0,,HI END 020718 132 N
HiEnd Accents,43136,749267-2,233451,26,5,0,749267,21,0,,HI END 020718 132 N
HiEnd Accents,43136,749359-1,233452,26,5,0,749359,21,0,,HI END 020718 132 N
HiEnd Accents,43136,749611-1,233453,50,5,0,749611,45,0,,HI END 020718 132 N
HiEnd Accents,43136,749724-1,233454,95,5,0,749724,90,0,,HI END 020718 132 N
HiEnd Accents,43137,736069-2,233622,216,5,0,736069,211,0,,HI END 020718 132 N
HiEnd Accents,43137,741963-1,233623,96,5,0,741963,91,0,,HI END 020718 132 N
HiEnd Accents,43137,749537-1,233624,55,5,0,749537,50,0,,HI END 020718 132 N
HiEnd Accents,43137,749505-1,233625,125,5,0,749505,120,0,,HI END 020718 132 N
HiEnd Accents,43137,749179-1,233631,202,5,0,749179,197,0,,HI END 020718 132 N
HiEnd Accents,43137,749463-1,233632,85,5,0,749463,80,0,,HI END 020718 132 N
HiEnd Accents,43137,749163-2,233633,22.5,5,0,749163,17.5,0,,HI END 020718 132 N
HiEnd Accents,43137,748820-1,233640,130,5,0,748820,125,0,,HI END 020718 132 N
HiEnd Accents,43137,742196-1,233643,70,5,0,742196,65,0,,HI END 020718 132 N
HiEnd Accents,43137,749341-1,233645,185,5,0,749341,180,0,,HI END 020718 132 N
HiEnd Accents,43137,749216-1,233646,95,5,0,749216,90,0,,HI END 020718 132 N
HiEnd Accents,43137,740847-2,233648,95,5,0,740847,90,0,,HI END 020718 132 N
HiEnd Accents,43137,735982-1,233651,80,5,0,735982,75,0,,HI END 020718 132 N
HiEnd Accents,43137,748302-1,233652,95,5,0,748302,90,0,,HI END 020718 132 N
HiEnd Accents,43137,740252-1,233654,95,5,0,740252,90,0,,HI END 020718 132 N
HiEnd Accents,43137,749445-1,233656,95,5,0,749445,90,0,,HI END 020718 132 N
HiEnd Accents,43137,744632-2,233660,135,5,0,744632,130,0,,HI END 020718 132 N
HiEnd Accents,43137,740042-2,233661,135,5,0,740042,130,0,,HI END 020718 132 N
HiEnd Accents,43137,740511-2,233662,161,5,0,740511,156,0,,HI END 020718 132 N
HiEnd Accents,43137,749066-2,233663,182,5,0,749066,177,0,,HI END 020718 132 N
HiEnd Accents,43137,733011-2,233664,269,5,0,733011,264,0,,HI END 020718 132 N
HiEnd Accents,43137,748246-2,233666,195,5,0,748246,190,0,,HI END 020718 132 N
HiEnd Accents,43137,740900-1,233669,95,5,0,740900,90,0,,HI END 020718 132 N
HiEnd Accents,43137,742121-1,233670,95,5,0,742121,90,0,,HI END 020718 132 N
HiEnd Accents,43137,747646-1,233671,178,5,0,747646,173,0,,HI END 020718 132 N
HiEnd Accents,43137,746136-1,233672,95,5,0,746136,90,0,,HI END 020718 132 N
HiEnd Accents,43137,740905-1,233673,95,5,0,740905,90,0,,HI END 020718 132 N
HiEnd Accents,43137,748606-2,233675,100,5,0,748606,95,0,,HI END 020718 132 N
HiEnd Accents,43137,746813-2,233677,182,5,0,746813,177,0,,HI END 020718 132 N
HiEnd Accents,43138,750784-1,223810,185,5,0,750784,180,0,,HI END 020818 12 N
HiEnd Accents,43138,750240-1,223813,150,5,0,750240,145,0,,HI END 020818 12 N
HiEnd Accents,43137,750394-2,233626,115,5,0,750394,110,0,,HI END 020718 132 N
HiEnd Accents,43137,749900-2,233627,144.5,5,0,749900,139.5,0,,HI END 020718 132 N
HiEnd Accents,43137,749199-1,233628,48,5,0,749199,43,0,,HI END 020718 132 N
HiEnd Accents,43137,749974-1,233629,205,5,0,749974,200,0,,HI END 020718 132 N
HiEnd Accents,43137,749241-1,233630,55,5,0,749241,50,0,,HI END 020718 132 N
HiEnd Accents,43137,750217-2,233634,237,5,0,750217,232,0,,HI END 020718 132 N
HiEnd Accents,43137,750225-1,233635,85,5,0,750225,80,0,,HI END 020718 132 N
HiEnd Accents,43137,750436-1,233636,185,5,0,750436,180,0,,HI END 020718 132 N
HiEnd Accents,43137,749301-1,233637,244,5,0,749301,239,0,,HI END 020718 132 N
HiEnd Accents,43137,749848-3,233638,30,5,0,749848,25,0,,HI END 020718 132 N
HiEnd Accents,43137,749374-1,233639,334.5,5,0,749374,329.5,0,,HI END 020718 132 N
HiEnd Accents,43137,750370-1,233641,26.5,5,0,750370,21.5,0,,HI END 020718 132 N
HiEnd Accents,43137,750016-2,233642,25,5,0,750016,20,0,,HI END 020718 132 N
HiEnd Accents,43137,750090-2,233644,22.5,5,0,750090,17.5,0,,HI END 020718 132 N
HiEnd Accents,43137,750051-1,233647,187,5,0,750051,182,0,,HI END 020718 132 N
HiEnd Accents,43137,749043-3,233649,20,5,0,749043,15,0,,HI END 020718 132 N
HiEnd Accents,43137,749990-1,233650,187.5,5,0,749990,182.5,0,,HI END 020718 132 N
HiEnd Accents,43137,749695-3,233653,45,5,0,749695,40,0,,HI END 020718 132 N
HiEnd Accents,43137,748990-1,233665,68,5,0,748990,63,0,,HI END 020718 132 N
HiEnd Accents,43137,749749-2,233667,26,5,0,749749,21,0,,HI END 020718 132 N
HiEnd Accents,43137,749561-2,233668,27,5,0,749561,22,0,,HI END 020718 132 N
HiEnd Accents,43137,750189-1,233674,11.5,5,0,750189,6.5,0,,HI END 020718 132 N
HiEnd Accents,43137,750119-1,233676,22.5,5,0,750119,17.5,0,,HI END 020718 132 N
HiEnd Accents,43137,750181-1,233678,85,5,0,750181,80,0,,HI END 020718 132 N
HiEnd Accents,43138,750417-2,233811,185,5,0,750417,180,0,,HI END 020818 12 N
HiEnd Accents,43138,750816-1,233812,64,5,0,750816,59,0,,HI END 020818 12 N
HiEnd Accents,43138,750822-1,233814,95,5,0,750822,90,0,,HI END 020818 12 N
HiEnd Accents,43138,750458-1,233815,95,5,0,750458,90,0,,HI END 020818 12 N
HiEnd Accents,43138,750702-1,233816,125,5,0,750702,120,0,,HI END 020818 12 N
HiEnd Accents,43138,750828-1,233817,43,5,0,750828,38,0,,HI END 020818 12 N
HiEnd Accents,43138,750595-1,233818,25,5,0,750595,20,0,,HI END 020818 12 N
HiEnd Accents,43138,750739-2,233819,22.5,5,0,750739,17.5,0,,HI END 020818 12 N
HiEnd Accents,43138,750466-1,233820,85,5,0,750466,80,0,,HI END 020818 12 N
HiEnd Accents,43138,750593-1,233821,55,5,0,750593,50,0,,HI END 020818 12 N
HiEnd Accents,43137,749959-1,233659,447.5,5,0,749959,447.5,5,,HI END 020718 132 N
HiEnd Accents,43129,735975-2,232713,297,5,0,735975,297,5,,HI END 013118 23
HiEnd Accents,43133,697685-1,233280,79,5,0,697685,164,90,,HI END 020718 132 N
HiEnd Accents,43136,728269-2,233422,60,0,0,728269,322.5,262.5,,HI END 020718 132 N
HiEnd Accents,43136,732619-2,233423,20,0,0,732619,224,204,,HI END 020718 132 N
HiEnd Accents,43136,733636-1,233424,180,0,0,733636,254,74,,HI END 020718 132 N
HiEnd Accents,43136,728488-2,233426,69,0,0,728488,114,45,,HI END 020718 132 N
HiEnd Accents,43136,717767-2,233427,74,0,0,717767,164,90,,HI END 020718 132 N
HiEnd Accents,43136,714006-1,233429,20,0,0,714006,255,235,,HI END 020718 132 N
HiEnd Accents,43136,742707-1,233443,540,5,0,742707,600,65,,HI END 020718 132 N
HiEnd Accents,43137,725922-2,233621,79,5,0,725922,659,585,,HI END 020718 132 N
HiEnd Accents,43137,744284-2,233657,30,5,0,744284,30,5,,HI END 020718 132 N
HiEnd Accents,43137,748807-1,233658,30,5,0,748807,30,5,,HI END 020718 132 N
HiEnd Accents,43137,740887-1,233679,436,5,0,740887,436,5,,HI END 020718 132 N
HOMEFIRES,43137,749417-3,45576,72.5,5,0,749417,67.5,0,,HOMEFIRES 020618 45576 N
HOMEFIRES,43137,749735-2,45577,27.5,5,0,749735,22.5,0,,HOMEFIRES 020618 45577 N
"KAS Oriental Rugs, Inc.",43138,749356-1,677834,39.9,0,0,749356,39.9,0,,KAS 020718 677834 N
"KAS Oriental Rugs, Inc.",43139,750469-1,678083,47.5,0,0,750469,47.5,0,,KAS 020818 678083 N
"KAS Oriental Rugs, Inc.",43136,748217-1,677190,52.25,0,0,748217,52.25,0,,KAS 020518 677190 (2) N
"KAS Oriental Rugs, Inc.",43136,749371-1,677191,142.5,0,0,749371,142.5,0,,KAS 020518 677190 (2) N
LoLoi,43137,748232-1,2950412,322,7,0,748232,315,0,,LOLOI 020618 2950412 N
LoLoi,43138,748665-2,2950828,76,7,0,748665,69,0,,LOLOI 020718 2950828 N
LoLoi,43136,747073-1,2949852,1397,7,0,747073,1575,185,,LOLOI 020618 2949852 N
"Marco International, Inc.",43138,749999-2,48219,74.7,0,0,749999,74.7,0,,MARCO 020718 48219 N
Mexican Country Imports,43137,738746-1,10916,239.66,53.66,0,738746,186,0,,MEXICAN CO 020718 10916 N
Mexican Country Imports,43137,748776-1,10917,233.59,49.59,0,748776,184,0,,MEXICAN CO 020718 10917 N
Mexican Country Imports,43137,746110-2,10919,167.78,53.78,0,746110,114,0,,MEXICAN CO 020718 10919 N
Mexican Country Imports,43137,736974-1,10920,105.92,48.92,0,736974,57,0,,MEXICAN CO 020718 10920 N
Mexican Country Imports,43137,730311-1,10921,93.78,36.78,0,730311,57,0,,MEXICAN CO 020718 10921 N
Mexican Country Imports,43139,733160-1,10926,101.93,44.93,0,733160,57,0,,MEXICAN CO 020818 10926 N
Mexican Country Imports,43137,749965-1,10915,107.02,45.02,0,749965,62,0,,MEXICAN CO 020718 10915 N
